idea_index	viewpoint00	viewpoint01	viewpoint02	viewpoint03	viewpoint04	viewpoint05	viewpoint06	viewpoint07	viewpoint08	viewpoint09	*viewpoint10	viewpoint11	viewpoint12	viewpoint13	*viewpoint14	viewpoint15	*viewpoint16	viewpoint17	viewpoint18	viewpoint19	*viewpoint20	*viewpoint21	viewpoint22	viewpoint23	viewpoint24	viewpoint25	viewpoint26	viewpoint27	viewpoint28	viewpoint29	*viewpoint30	viewpoint31	*viewpoint32	viewpoint33	*viewpoint34	viewpoint35	viewpoint36	viewpoint37	viewpoint38	viewpoint39	viewpoint40	viewpoint41	*viewpoint42	viewpoint43	*viewpoint44	viewpoint45	*viewpoint46	viewpoint47	viewpoint48	viewpoint49	viewpoint50	viewpoint51	viewpoint52	viewpoint53	viewpoint54	viewpoint55	viewpoint56	viewpoint57	viewpoint58	viewpoint59	viewpoint60	*viewpoint61	viewpoint62	viewpoint63	viewpoint64	viewpoint65	viewpoint66	*viewpoint67	viewpoint68	*viewpoint69	viewpoint70	viewpoint71	viewpoint72	*viewpoint73	viewpoint74	*viewpoint75	*viewpoint76	*viewpoint77	*viewpoint78	viewpoint79	viewpoint80	*viewpoint81	viewpoint82	viewpoint83	viewpoint84	viewpoint85	viewpoint86	viewpoint87	viewpoint88	*viewpoint89	viewpoint90	viewpoint91	viewpoint92	viewpoint93	viewpoint94	viewpoint95	viewpoint96	viewpoint97	*viewpoint98	viewpoint99
0	2.4	3.9	3.6	3.2	1.5	3.7	2.1	2.3	2.2	2.6	2.7	3.7	2.5	2.8	2.9	3.3	3.6	3.0	3.2	3.1	2.5	3.8	4.0	3.4	3.8	3.0	1.9	3.7	2.1	3.7	3.3	3.7	3.3	4.1	3.7	2.7	2.7	3.2	3.6	2.7	2.7	3.3	3.4	3.5	3.6	3.5	3.7	3.9	2.1	3.6	2.3	3.0	3.3	2.6	3.3	3.9	2.9	3.1	3.1	2.6	3.9	2.0	3.7	3.5	3.9	3.7	3.1	2.6	2.7	3.3	4.0	2.3	2.1	2.6	4.0	2.8	3.6	3.0	1.9	2.7	2.2	2.1	3.7	3.1	2.0	3.8	3.2	3.6	2.9	3.1	3.8	2.3	3.3	2.3	3.3	2.8	2.8	2.9	2.0	2.8
1	1.5	3.1	3.8	4.1	1.6	4.1	1.9	2.4	2.0	2.0	2.4	3.6	2.9	2.8	3.2	2.8	3.5	2.9	3.1	3.8	2.4	3.8	3.7	2.8	3.9	3.8	2.5	3.5	2.2	3.3	3.2	3.5	3.2	3.9	3.3	3.8	2.8	3.2	4.2	2.9	3.0	3.1	3.6	3.0	3.9	3.4	3.5	3.1	2.1	3.7	2.4	3.0	3.3	3.3	3.1	3.3	2.9	2.7	2.9	2.5	3.4	2.1	3.7	3.9	3.8	3.3	3.1	3.2	2.5	3.1	3.9	2.3	2.4	2.7	3.6	2.5	3.7	3.3	2.3	2.5	2.1	2.2	3.8	3.4	1.7	3.9	3.3	3.3	2.4	2.6	3.8	2.7	3.7	2.7	3.3	2.9	2.8	2.1	1.9	3.0
2	2.5	4.1	3.1	3.4	1.5	3.2	3.2	2.1	2.1	2.2	2.1	3.7	2.3	2.9	2.8	3.0	3.4	3.3	3.6	3.5	2.9	3.3	4.2	3.8	4.2	3.9	2.2	3.5	2.3	3.8	3.2	3.9	4.0	3.8	3.4	2.1	2.4	3.8	3.6	3.0	3.0	3.2	3.5	3.7	3.5	3.4	3.7	3.2	3.1	3.6	2.3	2.9	3.6	3.2	3.3	3.1	3.2	4.3	2.9	2.5	3.0	3.2	3.9	3.5	3.4	3.1	3.3	3.8	2.3	3.7	4.3	1.7	3.4	2.8	3.4	2.4	3.2	4.0	2.4	2.4	2.2	3.1	3.4	3.1	1.9	3.6	2.8	3.2	2.7	3.1	3.4	3.9	4.1	2.5	3.3	3.5	3.5	2.1	1.8	3.3
3	2.8	3.9	3.5	4.1	1.5	4.1	2.3	2.8	2.2	2.5	2.8	3.8	2.5	2.7	3.4	3.5	3.8	3.0	3.5	3.6	3.2	3.5	4.1	2.8	4.1	4.1	1.8	4.0	2.4	3.3	3.5	3.4	3.4	4.5	3.2	3.9	2.4	3.5	3.6	2.2	2.7	3.1	3.4	3.7	3.5	3.3	3.7	3.5	2.5	3.8	2.1	3.2	3.3	2.9	4.0	4.0	3.5	3.7	3.5	2.5	3.6	2.1	3.9	3.6	4.5	3.5	2.8	3.5	2.4	3.0	4.0	2.4	2.3	3.0	3.6	2.8	3.4	3.8	1.8	2.5	2.1	2.4	3.3	3.4	1.9	3.3	3.0	3.7	2.3	3.0	3.8	2.5	2.9	2.6	3.5	3.3	2.7	2.5	1.9	3.5
4	2.9	2.4	2.7	2.4	1.4	2.8	3.8	2.0	1.9	2.5	2.1	3.8	2.3	2.8	3.0	3.3	3.0	3.6	3.7	3.4	2.9	3.0	3.0	3.3	3.6	3.3	2.3	3.0	2.3	3.4	3.7	2.5	3.4	3.5	3.0	2.5	2.7	3.4	3.4	2.6	3.2	3.6	3.4	3.5	2.2	3.6	3.4	2.7	3.3	3.1	2.6	3.6	3.6	2.8	3.5	2.4	3.2	3.9	3.2	2.1	3.9	3.8	3.7	3.6	1.9	3.8	3.4	3.2	1.9	3.2	3.4	2.2	4.0	3.1	3.2	2.7	3.5	3.2	2.5	2.4	2.0	3.7	2.9	3.2	2.1	3.3	3.2	3.7	3.0	2.9	2.2	3.3	3.3	2.8	3.2	2.2	3.5	1.7	2.0	3.3
5	2.1	2.5	2.9	2.5	1.3	2.8	4.7	3.7	1.7	2.6	2.0	4.0	2.2	3.3	2.9	2.9	2.6	2.9	3.8	3.5	3.1	3.7	4.3	3.4	4.0	3.3	1.7	2.6	2.3	3.3	3.9	3.1	3.2	3.8	3.5	2.6	2.4	3.5	4.3	2.7	3.6	3.2	3.4	3.9	2.3	3.7	3.5	3.8	3.2	3.1	2.7	2.8	3.4	2.2	3.4	2.6	3.2	3.9	3.0	2.1	2.9	3.8	3.5	3.8	1.9	3.8	3.7	3.2	1.8	3.6	4.1	1.9	3.9	3.0	2.9	2.7	3.2	4.4	2.3	2.9	2.2	3.3	3.3	3.2	2.8	3.3	3.4	2.9	3.3	2.8	2.5	3.2	3.5	2.8	3.6	2.9	3.5	1.9	2.0	3.0
6	2.6	2.8	3.5	4.0	1.6	4.2	1.9	2.4	1.8	3.0	2.7	2.8	2.2	3.2	3.4	3.0	4.0	3.3	3.3	3.9	3.1	3.3	3.5	3.2	3.8	3.6	2.0	3.5	2.1	3.9	3.5	3.4	3.8	3.5	4.0	3.4	2.6	3.4	4.2	2.9	3.0	3.1	3.5	3.6	3.5	3.3	3.9	3.9	2.3	4.0	2.2	3.5	3.6	3.5	3.8	3.8	3.0	2.9	3.8	2.2	3.6	1.9	3.6	3.3	4.1	3.3	3.0	3.7	2.7	2.8	3.8	2.2	2.3	2.8	3.2	3.0	3.2	3.1	1.9	2.5	2.4	2.0	3.8	3.5	2.3	4.1	3.0	3.6	2.7	3.1	3.7	2.3	3.9	2.7	3.3	3.9	2.5	2.6	2.3	3.6
7	3.1	2.6	3.8	3.8	1.6	2.4	1.8	2.9	2.0	2.9	2.8	4.0	2.7	2.6	2.9	3.4	3.7	3.3	3.6	3.7	3.2	2.8	3.7	3.3	3.6	3.9	1.7	4.1	2.1	3.4	3.4	3.6	3.9	4.3	2.9	4.4	2.7	3.3	2.6	3.3	2.8	3.3	3.1	2.9	3.7	3.6	3.4	3.4	3.0	3.6	2.3	3.4	3.7	2.5	3.1	3.3	3.7	3.8	3.7	2.5	2.8	2.2	3.7	3.6	4.5	3.7	3.3	3.2	3.0	2.9	3.7	2.3	2.1	2.6	3.5	3.4	3.8	3.5	2.1	2.5	2.6	1.6	2.5	3.3	1.9	3.4	3.6	3.9	3.6	3.5	3.3	2.7	2.8	3.2	3.3	3.2	2.9	2.0	2.4	3.9
8	2.7	2.8	3.1	4.0	1.5	4.0	1.9	3.0	1.8	2.7	2.5	3.7	2.4	3.0	3.1	2.9	3.6	3.1	3.5	3.5	2.8	3.4	3.9	3.2	3.4	3.9	1.9	3.6	2.3	3.6	3.1	3.5	3.5	3.6	4.0	3.3	2.5	3.0	4.2	3.1	2.9	3.4	3.4	3.5	3.8	3.5	3.8	3.0	2.1	3.7	2.1	3.2	3.1	3.1	3.0	4.1	2.8	2.7	3.6	2.3	2.8	2.1	3.6	3.8	3.9	3.2	3.2	3.3	2.7	2.7	3.4	1.9	1.9	2.6	3.1	2.9	3.7	3.5	2.3	2.6	2.0	2.1	3.3	2.5	1.7	3.9	3.1	2.8	2.4	2.9	3.2	2.7	3.8	2.6	3.0	3.0	2.5	2.6	2.0	3.1
9	3.2	2.3	2.5	2.9	1.5	2.7	2.3	4.0	1.7	2.6	1.9	4.2	2.5	3.0	3.1	2.8	3.1	3.3	3.7	3.5	2.6	3.3	3.8	3.5	3.6	3.8	2.3	3.0	2.2	3.1	3.1	3.6	3.9	3.7	3.3	2.4	2.5	3.0	3.0	2.6	3.4	3.2	3.6	4.2	2.5	3.8	3.3	3.6	3.1	3.3	2.9	3.1	3.2	2.6	3.8	3.0	2.6	3.2	3.6	2.2	3.8	2.3	3.4	3.3	2.2	3.4	3.3	3.1	1.8	2.9	3.6	1.8	3.7	2.9	3.2	3.0	3.0	3.9	2.5	2.8	2.0	2.8	2.9	3.0	4.4	3.2	3.7	3.1	3.5	3.1	2.9	2.5	3.6	3.0	3.7	2.9	3.0	2.9	2.1	2.8
10	2.7	2.2	2.9	2.0	1.3	2.2	1.9	3.3	1.8	2.6	1.9	3.8	2.1	2.8	3.3	3.5	2.6	2.9	3.0	3.5	2.2	2.5	3.4	2.8	2.9	2.7	1.7	2.1	1.6	3.0	3.6	2.5	3.1	3.2	2.6	2.1	2.3	2.9	2.3	3.2	3.4	3.0	3.3	2.5	1.9	2.8	2.5	3.0	3.7	3.0	3.0	3.2	3.2	2.5	3.1	2.1	2.2	3.3	2.8	2.1	3.1	2.2	3.4	3.2	1.8	3.5	2.3	3.2	1.9	2.9	2.7	1.8	3.6	3.0	3.5	3.2	3.8	2.9	2.2	2.6	2.1	2.2	2.1	2.1	1.6	3.0	2.7	2.5	2.8	2.4	2.3	2.1	3.1	2.7	3.1	2.3	2.6	2.0	1.8	2.7
11	3.7	2.1	2.1	2.2	1.5	3.4	2.0	2.6	1.9	2.6	2.0	3.3	3.5	2.8	3.1	3.0	3.0	3.7	4.0	3.3	2.1	3.4	2.9	3.1	2.7	3.5	3.7	2.3	1.9	3.1	3.3	2.7	3.9	3.2	2.4	2.7	2.6	3.2	2.5	3.0	2.8	2.3	3.1	4.1	2.0	2.9	2.2	3.0	2.7	3.2	3.4	3.4	3.1	2.9	3.4	2.8	2.4	3.6	3.2	2.6	3.2	2.1	3.4	2.8	1.6	2.7	2.7	2.7	1.7	2.8	2.9	2.1	3.3	3.0	3.4	2.5	3.2	3.6	3.5	2.6	2.1	2.1	3.5	2.9	1.5	2.9	3.0	3.1	3.1	2.6	2.8	2.2	3.9	2.8	3.2	2.1	2.8	1.8	2.3	3.2
12	2.4	2.9	3.2	3.3	1.4	3.0	2.0	2.6	1.9	2.6	2.3	3.9	1.9	2.7	3.0	2.3	2.8	3.2	3.2	3.3	2.9	3.1	3.4	2.5	3.7	3.9	2.1	3.7	2.4	3.6	3.7	3.1	3.5	3.9	3.8	3.7	2.6	3.3	4.1	2.7	2.8	3.3	3.0	3.0	3.3	3.0	3.4	3.2	1.9	3.7	1.9	2.6	2.6	3.5	3.0	3.5	2.7	3.1	3.1	2.4	2.8	2.2	3.3	3.5	4.0	3.4	2.8	3.6	2.0	2.7	2.9	2.5	2.5	2.9	3.6	2.8	2.8	3.3	1.8	2.8	2.1	1.7	3.5	2.2	2.1	4.1	2.5	2.9	2.3	2.3	3.0	2.3	3.2	2.7	3.1	3.3	2.9	3.8	1.9	2.9
13	2.4	2.4	2.5	2.6	1.5	2.9	2.1	3.9	1.7	2.5	2.0	3.8	2.5	2.4	3.4	2.8	2.7	3.1	4.0	3.7	3.2	3.8	3.8	3.6	3.7	3.9	2.3	3.0	2.2	4.2	2.9	2.7	3.6	3.1	3.6	2.7	2.3	3.4	3.9	2.6	3.5	3.1	3.4	4.0	2.5	3.8	3.7	3.0	3.6	3.2	3.0	2.9	3.5	2.7	3.3	2.5	2.1	3.4	3.0	2.6	3.2	2.5	3.5	3.6	1.9	3.6	3.0	3.1	1.8	1.9	3.9	2.0	3.5	2.4	3.1	2.8	3.2	4.0	2.5	2.8	2.0	2.1	3.7	2.6	3.0	3.2	3.9	2.7	3.0	2.6	2.9	2.2	3.8	2.6	3.6	2.9	2.7	2.1	2.1	2.9
14	2.6	2.5	2.4	2.4	1.5	3.1	3.6	2.3	1.7	2.1	2.3	4.1	2.7	2.9	2.9	3.0	3.4	3.4	3.6	3.1	3.0	3.4	3.7	3.7	4.1	3.6	2.0	2.7	2.3	3.8	3.4	2.8	3.8	2.6	3.7	2.3	2.7	3.2	4.2	3.0	3.3	3.3	2.9	3.1	2.6	3.3	3.7	3.3	2.7	3.1	2.4	3.4	3.4	3.1	3.6	2.8	3.7	3.0	2.9	2.3	3.7	3.2	3.4	3.5	2.0	3.4	3.8	3.6	1.9	3.4	3.7	1.7	3.9	2.9	2.3	2.7	3.8	3.8	2.4	2.7	2.0	3.3	4.0	3.0	1.7	3.6	3.9	3.1	3.5	2.7	2.4	4.0	3.4	2.7	3.3	3.0	3.2	1.6	2.3	3.3
15	2.4	2.9	3.1	4.0	1.6	4.2	1.9	3.5	1.9	2.2	2.4	3.3	2.8	2.7	3.2	3.0	3.5	3.1	2.8	3.6	2.8	3.3	3.8	3.1	3.3	3.7	2.4	4.1	2.1	2.8	3.4	3.0	3.2	3.6	3.5	3.7	2.3	2.9	3.4	2.5	2.7	3.3	3.4	3.9	3.4	3.1	3.1	3.5	2.3	4.0	2.4	3.1	3.3	3.6	3.3	3.5	2.6	3.4	3.5	2.4	3.8	1.9	4.0	3.5	4.3	3.7	3.2	2.9	2.9	2.8	3.4	2.3	2.0	3.0	3.3	2.6	3.4	3.9	1.9	2.3	2.0	2.3	3.0	3.4	2.3	3.8	2.7	3.3	2.4	2.5	3.5	2.2	3.1	2.4	3.1	2.5	2.9	2.7	2.0	4.0
16	2.0	2.6	2.9	1.9	3.7	3.1	2.1	2.8	3.8	3.2	3.5	3.8	2.5	2.4	2.9	2.5	3.3	3.2	3.6	3.1	3.1	3.7	3.6	3.5	3.2	3.4	2.0	2.3	2.2	3.4	3.4	2.1	4.0	4.2	3.3	3.7	2.4	3.4	3.7	3.4	2.5	3.4	3.5	3.6	2.4	3.2	2.6	4.0	1.9	2.6	2.5	3.6	3.3	3.3	3.2	2.2	2.4	2.8	3.6	2.3	3.3	2.1	3.5	3.2	2.1	3.6	2.8	3.8	4.0	2.8	2.8	4.0	1.7	2.9	3.8	3.9	3.9	3.0	1.9	4.4	3.9	2.8	4.0	2.6	1.8	4.0	2.8	3.4	2.4	2.0	2.4	2.7	3.2	2.3	3.5	3.0	2.6	2.0	4.0	4.1
17	2.9	2.2	2.7	2.4	1.5	2.8	2.1	3.6	1.6	2.5	1.9	3.4	2.2	2.9	2.8	2.8	2.9	3.1	3.7	3.3	2.5	3.1	3.7	3.2	3.6	3.5	2.5	2.6	1.6	2.6	3.2	2.7	3.3	3.0	2.2	2.0	2.7	2.5	2.5	2.7	3.7	3.5	3.2	3.9	2.4	3.7	2.9	3.2	3.1	3.3	2.7	3.0	3.4	2.6	3.9	2.9	2.3	3.3	3.0	2.0	3.7	2.1	3.7	3.5	1.7	3.3	3.6	3.5	2.2	2.9	3.1	1.9	4.0	2.9	3.4	3.0	3.8	3.6	2.7	3.0	1.8	4.0	3.1	3.3	2.4	3.0	3.0	3.1	2.8	2.8	2.8	2.5	3.0	2.9	3.1	2.9	3.7	2.6	1.9	3.0
18	3.3	2.0	2.6	2.6	1.5	3.3	2.1	2.0	1.7	2.7	1.8	3.1	3.7	3.0	2.9	2.7	2.7	3.4	3.6	3.4	2.7	3.4	3.0	3.3	3.7	3.5	3.5	2.6	1.9	2.9	3.1	2.5	3.9	2.8	2.7	2.5	2.5	2.9	2.3	3.4	3.0	2.9	3.2	3.7	2.0	3.2	2.7	2.7	2.8	2.9	3.9	3.3	3.7	2.2	3.4	2.7	2.2	3.8	2.8	3.1	3.2	2.3	3.4	1.8	2.2	3.3	2.6	3.1	1.7	2.4	2.9	1.7	3.5	3.0	3.9	2.8	3.7	3.5	3.4	2.5	2.1	2.4	3.0	3.2	2.0	2.7	3.3	3.5	3.5	2.3	2.1	2.8	3.4	2.5	3.5	2.6	3.0	2.1	2.6	3.3
19	2.9	2.3	3.3	3.2	1.5	3.3	2.1	3.1	2.1	2.8	2.0	3.8	2.5	2.8	3.4	3.5	3.4	3.3	3.8	3.0	2.2	3.6	4.2	4.0	4.2	3.8	2.0	3.4	1.9	3.4	3.8	3.0	3.6	3.2	3.1	2.7	2.7	3.2	2.9	3.3	3.4	3.3	3.1	4.1	2.5	4.0	3.5	3.5	3.4	3.5	2.7	3.0	3.2	2.8	3.5	2.6	2.7	2.8	3.0	2.5	3.5	2.2	3.5	3.6	2.2	3.2	2.4	2.9	1.9	2.5	3.5	1.4	3.3	3.3	3.0	2.9	3.0	4.0	2.5	3.0	2.0	2.9	3.7	2.5	4.6	3.3	3.2	2.8	3.6	3.4	3.3	2.6	3.4	2.6	3.5	2.7	3.0	2.6	2.2	2.6
20	2.6	2.3	3.0	2.7	1.5	3.2	1.8	4.1	1.9	2.8	1.7	4.2	1.7	3.2	2.9	3.4	2.8	3.5	3.5	3.6	2.3	2.5	3.7	3.2	3.1	3.4	2.5	2.8	1.6	3.0	3.2	2.9	3.1	3.6	2.8	2.4	2.4	2.9	2.5	2.6	4.3	3.2	3.4	4.0	2.3	3.1	2.4	3.2	3.5	3.3	3.0	2.9	3.4	2.6	3.7	2.9	2.5	2.6	3.2	2.0	3.5	2.0	3.4	3.6	1.6	3.1	3.2	3.3	2.2	2.0	2.9	1.9	3.4	2.4	4.1	2.7	3.3	3.1	2.4	2.6	1.7	3.1	2.9	2.5	2.4	3.3	3.2	2.9	2.8	2.8	3.1	2.1	2.7	2.5	3.3	2.2	3.5	3.0	2.0	3.2
21	3.2	1.8	2.5	1.9	4.5	3.9	1.8	2.0	3.0	3.5	3.0	3.3	2.3	2.5	3.2	3.5	2.5	2.7	3.6	2.4	2.4	3.5	3.5	2.9	3.0	3.1	2.2	2.5	3.7	3.6	3.1	2.7	3.2	2.7	3.6	3.5	2.7	3.4	3.8	3.4	3.1	3.5	2.7	3.0	2.0	3.2	2.7	2.8	2.2	3.0	2.2	3.1	2.8	3.4	2.7	1.9	2.4	3.3	3.0	1.7	3.3	2.2	3.7	2.9	1.9	3.6	3.2	3.8	2.8	3.0	3.3	3.3	2.0	2.8	2.9	3.4	3.2	3.3	2.2	3.4	4.3	2.4	4.0	1.4	1.9	4.0	2.7	2.7	2.5	2.2	2.7	2.1	3.4	2.9	3.1	3.6	2.6	1.8	3.7	3.2
22	3.1	1.9	2.3	2.2	1.5	3.0	4.1	2.7	1.8	2.4	1.9	3.1	2.7	2.2	3.2	2.9	3.2	2.7	3.5	2.9	2.5	3.3	3.3	2.8	3.4	3.2	2.2	2.8	2.1	3.8	3.7	2.7	4.0	3.6	3.3	2.4	2.5	3.1	3.5	2.1	3.0	3.6	3.0	3.6	2.0	2.8	3.6	3.3	2.9	2.9	2.1	3.7	3.7	2.8	3.7	2.2	3.1	2.9	3.0	2.1	3.5	3.8	3.7	3.5	1.8	3.1	3.6	3.4	2.1	3.0	3.3	1.6	3.6	3.1	3.1	2.5	3.6	3.5	2.7	2.9	2.0	3.3	3.6	3.5	2.3	3.5	3.5	3.2	3.4	2.7	2.8	3.4	3.1	2.8	3.3	2.5	3.8	1.8	2.1	2.6
23	2.5	2.5	2.9	3.0	1.4	3.2	2.0	3.8	1.8	2.1	1.9	3.9	2.1	3.0	3.1	3.5	3.4	3.6	3.8	3.0	3.2	3.9	3.5	3.5	3.7	3.5	2.0	3.0	2.3	3.4	3.6	2.7	3.0	2.8	3.7	2.5	2.4	3.6	3.5	2.9	3.0	3.2	3.4	4.1	2.7	3.1	3.2	3.6	2.9	3.2	2.7	3.0	3.7	2.6	3.1	2.5	2.4	3.3	3.2	2.4	4.0	2.2	3.7	3.7	2.1	3.4	2.8	3.3	1.9	2.4	3.5	1.9	3.7	3.1	3.0	2.4	3.1	3.4	2.2	2.5	2.0	2.3	3.5	2.8	2.9	3.4	3.6	2.6	2.9	2.7	3.2	2.2	4.4	3.2	3.1	2.9	2.9	2.4	2.0	2.8
24	3.3	1.8	2.3	2.1	1.8	4.1	2.1	2.6	1.8	2.3	2.2	2.7	2.1	2.3	3.0	3.0	2.2	3.8	3.7	3.1	2.9	3.8	3.0	2.8	2.5	3.0	2.2	2.5	3.2	3.1	2.8	2.8	2.6	2.6	2.8	2.5	2.6	2.8	3.0	3.5	3.1	3.7	2.2	3.1	2.2	2.9	2.5	2.2	1.9	2.9	2.1	3.0	2.8	3.5	2.2	2.4	2.2	2.7	3.3	2.7	2.3	1.7	3.2	2.8	1.5	3.0	2.0	3.9	1.9	2.3	3.4	2.1	2.4	2.7	2.7	2.2	3.3	2.9	2.5	2.8	2.2	1.9	3.1	2.2	1.8	2.8	2.5	2.5	3.0	2.3	2.0	2.3	3.5	3.3	2.6	2.9	2.6	1.8	2.1	2.8
25	3.3	2.4	2.6	2.3	1.4	3.4	2.3	2.8	1.4	2.9	2.0	4.1	3.9	3.2	3.2	2.7	2.7	3.1	3.5	2.9	2.7	3.2	3.2	3.8	3.9	3.5	4.4	2.2	2.0	2.7	2.7	2.3	3.3	3.1	2.7	2.2	2.4	3.2	2.1	3.3	3.2	2.7	3.5	3.6	2.5	3.2	2.9	3.2	2.7	3.1	4.0	3.1	3.4	2.4	3.5	2.9	2.3	3.1	2.8	2.9	3.4	1.8	3.9	2.3	1.8	3.2	2.7	3.5	2.0	2.7	3.4	1.9	3.7	2.9	3.0	2.6	3.7	3.2	3.1	2.8	2.1	2.8	3.3	2.9	2.0	3.0	2.7	2.9	2.5	2.7	2.4	2.4	3.3	3.0	3.4	3.0	3.2	1.9	2.1	3.2
26	3.2	1.8	2.9	2.7	1.4	2.7	2.0	2.5	1.8	2.5	1.9	3.8	1.8	3.2	3.2	3.1	3.0	2.5	3.1	4.0	2.8	3.7	3.3	2.8	3.7	3.4	2.1	2.5	2.0	3.2	3.4	2.4	3.4	3.3	3.1	2.7	2.7	3.0	3.4	2.7	3.2	4.0	2.8	4.0	2.6	2.7	3.3	3.6	2.6	3.4	2.2	3.5	3.3	3.6	3.3	2.2	2.4	3.5	3.2	2.2	3.1	2.1	3.7	2.8	2.0	3.4	3.1	3.3	2.0	2.8	3.1	1.9	3.3	3.1	3.1	3.1	3.3	3.3	2.8	2.8	1.8	2.7	3.8	2.9	1.8	3.3	3.6	3.3	2.8	2.8	2.1	2.9	3.1	2.8	2.9	3.4	3.2	2.0	2.2	2.7
27	3.4	2.1	2.3	1.8	1.6	3.1	2.1	2.6	2.1	2.9	1.8	3.4	3.3	3.4	3.2	2.4	2.3	2.5	3.7	3.7	2.7	3.2	3.1	3.5	3.8	3.2	4.1	1.8	2.2	2.4	3.5	2.6	3.7	3.1	2.4	2.4	2.6	2.7	2.3	3.2	2.6	3.4	3.3	3.9	2.3	2.8	2.7	3.1	3.5	3.0	4.2	3.1	2.9	1.9	3.0	2.7	2.5	3.7	3.1	3.5	3.4	2.1	3.8	1.4	1.8	3.2	2.7	2.6	2.0	3.2	3.1	2.0	3.7	3.2	3.2	2.5	3.1	3.0	3.4	2.2	2.1	3.1	3.1	3.0	1.7	2.4	2.7	3.0	3.8	2.6	2.7	3.0	3.4	2.9	3.4	2.1	3.5	1.9	2.0	3.7
28	2.4	3.1	3.1	3.7	1.7	4.1	2.3	2.4	2.2	2.7	2.7	3.7	2.7	2.7	2.9	2.9	3.2	3.4	3.4	2.9	2.9	3.1	3.5	3.0	4.0	3.7	2.3	3.4	2.1	3.8	3.8	3.3	3.6	3.6	3.7	3.6	2.6	3.4	3.6	2.6	3.0	2.9	3.6	3.7	3.4	3.0	3.3	3.2	2.8	3.2	2.2	2.7	2.9	3.4	3.3	3.8	2.8	2.8	2.9	2.1	3.7	2.1	3.8	3.3	4.2	3.3	3.0	3.6	2.4	3.3	3.8	2.0	2.2	3.2	3.4	3.2	3.4	3.1	2.1	2.8	2.2	2.4	3.6	3.3	2.1	3.9	2.9	2.8	2.6	3.2	3.4	2.5	3.3	2.5	3.5	2.9	2.8	2.6	1.9	2.9
29	2.8	1.6	2.6	2.0	4.2	3.9	2.0	2.0	3.3	3.1	3.5	3.7	2.2	2.5	3.3	2.9	2.3	2.8	3.6	2.6	2.8	3.3	3.4	3.2	2.6	3.6	2.1	2.7	3.0	2.7	3.3	2.5	3.4	3.7	3.6	3.5	2.9	2.5	3.9	3.3	3.0	3.1	2.4	2.6	2.2	2.9	3.1	2.8	2.8	2.7	2.1	3.0	3.0	3.4	2.5	2.6	2.4	2.3	3.3	2.3	3.1	2.0	3.1	3.4	2.1	3.7	2.6	3.1	3.5	3.0	3.2	3.2	2.3	2.5	3.0	4.2	3.2	3.0	1.8	3.7	4.1	1.9	3.6	2.1	2.0	3.7	2.5	2.6	2.8	2.2	2.3	2.2	3.9	2.9	3.4	3.0	2.5	1.8	3.6	3.2
30	3.0	2.3	2.9	2.8	1.4	3.2	4.0	2.4	1.6	2.6	2.0	3.3	2.3	2.8	3.2	3.0	2.7	3.4	3.4	2.9	3.1	3.5	3.0	3.7	3.7	3.5	2.4	2.8	2.1	2.3	3.8	3.2	3.7	3.5	3.2	2.5	2.4	3.4	3.2	2.6	3.2	2.5	3.5	3.6	2.6	3.5	3.2	3.5	3.4	2.6	2.8	3.0	3.2	2.4	3.1	2.6	2.3	4.0	2.8	2.2	3.1	4.0	3.1	3.3	1.5	2.6	4.1	3.4	2.1	4.1	3.3	2.2	4.0	2.8	3.2	2.5	3.0	3.9	2.1	3.0	2.0	4.1	3.5	3.3	1.9	3.4	3.2	3.7	2.8	2.6	2.3	3.5	3.6	2.9	3.2	3.0	3.9	2.1	2.1	3.3
31	2.6	2.4	2.3	2.1	4.3	3.4	2.2	2.3	3.1	3.3	3.3	3.3	2.2	2.9	2.9	3.4	2.4	3.8	3.9	3.0	2.8	4.0	3.3	3.0	3.1	3.6	2.3	2.4	3.3	2.6	2.6	2.0	3.6	3.2	3.2	3.7	2.6	3.4	3.5	3.4	3.1	3.0	3.4	2.9	2.6	3.2	2.6	3.3	3.0	3.3	2.3	2.8	2.8	2.3	2.6	2.8	2.8	2.8	2.5	2.1	2.9	2.5	3.4	3.5	1.7	3.1	2.7	3.5	3.4	3.6	3.5	3.2	2.3	2.7	3.4	4.0	3.3	3.0	2.1	3.9	3.9	2.8	3.7	2.9	2.2	3.1	2.7	3.1	2.7	2.6	2.2	2.4	3.8	2.3	3.1	2.7	3.3	1.9	3.8	3.4
32	2.2	2.4	2.7	2.5	1.5	3.0	4.5	2.9	1.6	2.2	2.0	3.2	2.3	2.9	3.0	2.7	3.2	3.1	3.6	3.0	3.3	4.0	4.0	3.8	4.1	3.7	2.0	2.7	2.3	3.3	3.1	2.7	3.5	3.4	3.2	2.4	2.4	3.1	4.0	2.9	3.2	3.5	3.3	3.9	2.2	3.7	3.8	3.7	3.3	3.0	2.4	3.6	3.1	3.0	3.6	2.2	3.0	3.2	3.1	2.1	3.5	4.1	3.8	3.7	2.0	3.6	3.9	3.9	1.8	4.0	3.9	2.3	3.8	2.9	3.2	2.8	3.4	3.7	2.3	2.6	1.9	3.1	3.5	2.8	2.0	3.4	3.6	3.5	3.3	3.0	2.3	3.4	4.4	3.0	3.6	3.3	3.7	1.8	2.2	2.6
33	2.3	1.9	2.5	2.3	4.6	3.8	2.1	2.4	3.5	3.7	4.0	3.9	2.5	2.9	3.3	2.8	2.4	3.3	3.4	2.8	2.6	3.0	3.1	3.2	2.7	3.4	1.9	2.3	3.7	2.7	3.0	2.4	3.1	3.4	3.2	3.9	2.6	2.8	3.7	3.4	2.9	3.3	2.9	2.7	2.7	3.2	2.3	3.5	2.5	3.0	2.5	2.7	2.8	3.7	3.2	2.8	2.2	2.5	2.9	2.4	3.7	1.9	3.2	3.2	1.8	3.7	2.8	3.5	4.4	3.0	3.5	3.8	2.0	2.8	3.3	3.9	3.5	2.9	1.7	4.1	3.9	2.4	3.3	2.8	1.8	3.8	2.4	3.2	3.1	2.6	3.0	2.6	3.9	3.2	3.0	3.0	2.5	1.9	3.9	3.6
34	2.5	1.8	2.7	2.0	4.6	3.5	2.0	2.8	2.9	3.6	3.8	3.6	2.5	3.1	3.3	3.4	2.4	2.8	3.7	3.9	3.0	3.6	3.3	2.9	3.2	3.4	2.1	2.1	2.8	2.9	2.7	2.0	3.0	2.9	3.9	3.8	2.4	2.8	3.7	3.8	3.3	2.9	2.5	3.2	2.3	3.4	2.7	3.2	2.1	3.0	2.4	3.0	2.8	3.1	2.9	2.9	2.7	2.3	3.5	2.4	2.8	2.0	2.8	3.5	1.7	3.4	2.8	2.8	3.9	2.9	3.3	3.6	2.1	2.7	3.1	4.5	3.1	3.3	1.6	4.0	4.0	2.1	3.9	2.4	1.9	4.1	3.0	2.9	2.9	2.2	2.5	2.8	3.9	2.4	3.3	3.0	2.7	2.0	3.8	4.0
35	2.8	1.4	2.5	2.1	2.4	3.8	1.8	2.3	2.6	3.5	2.8	3.4	2.6	2.7	3.1	3.3	2.1	2.7	3.5	2.4	2.3	3.3	3.3	2.6	2.3	3.3	2.1	2.1	2.7	3.2	3.2	2.8	2.8	3.0	3.8	3.3	2.5	2.8	3.8	3.1	2.4	3.7	2.1	2.5	2.4	2.7	2.4	3.0	2.1	2.8	2.0	3.1	2.5	3.7	2.3	2.1	2.6	3.3	2.6	2.4	2.8	2.3	3.0	2.9	2.3	3.5	3.0	3.2	2.8	2.8	3.0	2.4	2.0	3.0	2.4	3.5	3.0	2.9	1.5	2.7	2.2	2.2	3.5	2.0	1.6	3.6	2.5	2.6	2.8	2.0	2.4	2.0	3.7	2.9	2.9	3.1	2.5	1.8	2.7	3.0
36	2.4	1.9	3.2	2.9	1.5	2.8	2.3	2.6	1.6	2.7	1.9	3.2	2.4	2.8	3.3	2.5	3.3	4.1	3.5	3.9	2.3	2.7	2.8	3.3	3.8	3.8	2.0	2.7	1.8	2.7	2.9	3.0	3.4	2.8	3.3	2.2	2.6	3.5	3.5	2.4	3.0	3.1	2.7	2.9	2.4	3.2	2.6	2.6	2.9	2.2	2.5	2.8	3.0	2.3	2.8	2.7	2.5	3.4	3.0	2.1	2.5	2.3	3.2	3.0	1.9	3.1	3.1	3.3	2.3	2.7	3.0	1.6	2.7	2.3	3.1	2.6	3.8	2.4	2.1	2.8	2.1	2.3	3.2	2.5	2.4	3.2	2.7	2.7	2.9	2.9	2.8	2.1	3.3	3.0	2.8	2.8	2.8	2.0	1.9	2.9
37	2.7	1.9	2.4	2.6	2.5	3.9	2.3	2.8	3.0	3.3	3.4	3.8	2.4	3.1	3.1	2.9	2.6	3.5	3.7	3.4	2.1	4.0	2.7	2.5	2.5	3.8	2.0	2.3	2.4	3.3	3.2	2.0	3.1	3.4	3.7	3.8	2.5	3.1	4.0	3.2	3.0	3.5	2.9	3.3	2.6	3.0	2.7	2.9	2.7	2.6	2.4	2.8	2.8	3.3	2.3	2.7	2.2	2.8	3.3	2.5	3.1	2.0	3.7	3.1	2.7	3.5	2.6	2.7	3.1	3.0	2.8	3.2	2.1	2.8	3.4	3.7	3.2	3.1	1.9	3.4	3.2	3.0	4.0	2.6	1.7	3.5	2.6	3.0	2.7	2.0	2.5	2.2	3.4	2.7	3.5	3.3	2.7	2.2	3.1	3.7
38	3.1	1.9	2.8	2.6	1.5	3.0	4.6	2.2	1.6	2.6	1.9	3.5	2.6	2.8	2.9	3.0	2.8	3.2	3.3	3.3	3.3	3.3	3.6	3.7	3.8	4.0	2.4	3.0	1.9	3.4	3.5	2.5	3.6	3.2	2.9	3.2	2.4	3.4	3.6	2.9	3.1	2.8	3.3	4.0	2.0	3.1	3.6	3.5	3.0	2.7	2.2	3.3	3.4	3.0	3.3	2.5	3.3	3.1	3.1	2.2	3.3	3.9	3.9	3.4	1.9	2.9	3.7	3.7	2.1	3.7	3.7	1.8	3.7	3.3	3.5	2.7	3.4	3.7	2.6	2.8	1.8	3.0	3.3	3.5	1.5	3.4	3.3	2.9	2.4	2.8	2.1	3.7	3.8	3.0	3.4	3.5	3.6	1.8	2.2	3.6
39	2.5	2.3	2.4	2.3	1.5	3.1	2.0	3.7	1.6	2.9	2.0	3.8	2.5	2.7	2.9	3.2	2.9	3.2	4.1	3.0	2.8	3.9	4.2	3.5	3.8	4.0	2.4	3.1	2.2	3.8	3.4	2.9	3.5	3.5	3.5	2.8	2.5	3.6	4.4	2.5	4.2	3.7	3.4	3.8	2.2	2.8	4.1	3.9	3.5	3.3	2.4	3.2	3.6	2.6	3.4	2.8	2.4	3.3	3.1	2.2	4.3	1.8	3.4	3.6	2.2	3.0	2.8	3.3	1.9	2.2	3.9	1.9	3.8	2.6	3.0	2.7	3.1	3.8	2.8	2.9	2.0	2.3	3.2	2.6	3.2	3.3	4.0	2.7	3.0	2.7	3.2	2.3	3.4	2.7	3.1	3.0	2.9	2.4	2.2	2.6
40	2.3	1.8	3.0	1.9	4.4	3.4	2.0	2.2	2.4	3.0	3.2	3.3	2.3	2.9	3.1	3.3	2.2	3.3	3.5	3.1	2.3	3.7	3.5	2.8	2.6	3.3	1.7	2.9	3.2	2.8	2.6	2.7	3.0	3.4	3.6	3.9	2.4	3.1	4.2	3.4	2.8	3.6	2.4	2.4	2.4	2.4	3.0	2.4	1.8	2.9	2.4	3.1	2.9	3.3	2.9	2.2	2.4	2.8	3.2	2.4	2.7	2.1	3.5	2.8	1.7	3.5	3.1	3.7	3.4	2.7	3.5	3.6	2.1	2.6	2.7	3.2	3.4	2.8	1.8	3.5	4.3	1.9	3.7	2.0	1.6	3.5	2.7	2.8	2.7	2.1	2.6	2.5	3.5	2.7	3.2	2.2	2.5	1.8	3.7	3.4
41	3.2	2.5	3.2	3.8	1.5	2.4	2.1	3.1	2.0	2.7	2.4	3.3	2.3	3.9	3.2	3.6	3.5	3.3	3.5	3.6	3.0	3.6	3.5	3.1	3.6	3.8	1.9	3.9	1.8	3.7	3.6	2.9	3.9	4.1	3.3	3.7	2.6	3.4	3.2	3.2	2.8	3.3	3.2	3.6	3.4	3.6	3.8	3.3	2.4	3.0	2.3	2.5	3.7	3.2	3.5	3.2	3.4	2.2	3.0	2.1	3.3	2.2	3.6	3.5	3.8	3.3	3.0	3.5	2.8	3.1	2.9	2.3	2.1	3.1	3.6	2.6	3.1	3.5	2.3	2.5	3.0	2.3	3.3	3.6	1.7	3.8	2.8	3.7	2.9	2.6	3.3	2.7	3.5	3.1	3.2	2.8	2.9	1.8	2.5	3.7
42	2.7	3.0	4.2	3.7	1.5	2.6	1.6	2.4	2.0	3.6	2.6	3.9	2.3	3.9	3.3	3.2	3.2	3.2	3.3	3.7	2.9	3.6	3.3	3.6	3.7	3.1	2.4	3.7	2.0	3.1	3.5	3.6	3.4	4.4	2.6	3.3	3.0	2.9	2.5	3.2	3.4	2.8	2.9	3.7	3.9	3.2	3.7	3.3	2.2	3.7	2.6	3.5	3.3	2.7	3.4	3.1	2.9	3.0	3.1	2.2	3.1	2.2	3.4	3.5	4.1	3.5	3.0	3.2	2.3	2.6	2.7	1.9	2.6	2.9	2.9	3.0	3.4	3.0	2.1	1.9	2.3	1.7	3.1	3.7	2.3	3.1	3.0	3.5	2.5	3.4	3.0	2.8	3.3	3.7	3.3	2.5	2.8	2.0	2.3	3.3
43	2.8	1.5	2.5	2.3	1.7	2.9	2.6	2.4	2.3	3.0	1.8	3.9	2.2	2.1	3.1	3.3	2.1	2.9	2.8	3.4	2.3	2.7	2.2	3.4	2.7	3.1	3.0	2.2	1.7	2.2	2.8	2.0	3.2	3.2	2.4	2.2	2.8	2.6	2.4	2.9	3.1	2.4	3.0	2.9	2.6	3.3	2.3	2.5	2.3	2.1	2.1	3.3	3.4	2.0	2.7	2.2	2.6	3.4	2.8	2.8	3.0	2.2	3.0	2.4	2.2	2.6	2.4	2.8	2.1	2.7	2.5	2.7	2.4	3.1	2.6	2.6	2.4	2.2	2.3	2.5	2.3	1.9	3.1	2.5	1.8	3.2	2.7	2.5	2.4	2.3	2.9	2.5	2.9	2.6	3.0	2.4	3.6	1.7	2.1	3.0
44	3.2	2.1	2.3	2.1	1.5	2.8	2.1	2.9	2.1	3.0	2.0	3.2	3.7	2.7	3.3	3.4	3.0	2.9	4.1	3.5	2.9	3.4	2.9	2.9	3.8	3.6	3.8	2.1	1.9	2.5	3.2	2.8	3.3	3.5	2.0	2.2	2.5	3.2	2.3	3.5	2.5	3.2	3.7	3.9	2.2	3.3	2.7	2.9	2.9	2.9	3.8	3.3	2.9	2.9	3.6	2.6	2.1	4.0	2.9	3.0	3.7	1.5	3.2	2.4	1.6	2.9	2.5	2.8	2.0	2.8	3.3	1.6	3.7	3.1	3.0	2.9	3.8	2.6	3.0	2.6	2.2	2.6	3.2	3.0	1.8	2.5	3.2	3.3	2.8	2.2	2.6	2.4	3.0	3.2	3.2	3.1	2.9	2.0	2.2	3.4
45	2.2	2.0	2.6	2.1	4.6	4.1	2.3	2.4	3.1	3.4	4.1	2.8	2.7	2.2	3.0	2.5	2.4	2.8	3.4	3.0	2.9	3.6	2.7	3.0	2.4	3.4	2.2	2.3	2.7	3.2	3.3	2.6	3.4	3.1	3.8	3.9	2.5	3.7	3.8	3.2	3.5	3.4	2.8	2.9	2.3	2.8	2.7	3.6	2.3	2.5	2.4	3.0	2.8	3.3	2.5	2.5	2.0	3.3	3.0	2.2	2.9	2.1	3.3	3.1	2.0	3.3	3.0	3.7	3.9	2.9	3.4	3.9	1.9	3.1	3.1	4.4	3.2	3.2	1.9	3.7	3.8	2.4	3.2	2.4	1.8	4.0	2.5	2.9	2.9	2.2	2.6	2.1	4.0	2.8	3.3	2.4	2.3	1.6	3.7	4.0
46	3.0	2.5	2.7	2.4	1.5	3.0	2.3	3.3	1.9	2.1	2.2	3.8	1.8	2.5	3.2	3.1	2.8	3.0	3.7	3.8	2.3	3.6	4.5	4.0	3.9	3.9	2.5	3.2	2.0	3.1	3.9	2.8	3.3	3.7	3.0	3.0	2.5	3.1	3.0	2.8	4.3	4.0	3.2	3.1	2.6	3.3	3.6	3.0	2.8	3.1	2.9	3.0	3.6	2.6	3.7	3.0	2.5	3.5	3.0	2.1	3.0	2.5	3.8	3.4	1.8	3.7	2.9	3.5	2.2	2.6	2.9	1.8	3.6	2.9	3.4	3.0	3.3	4.0	2.5	2.5	2.2	2.8	3.1	3.2	3.5	3.0	3.1	3.4	2.5	2.7	3.0	2.6	3.0	2.9	2.9	2.6	3.2	2.0	2.2	3.1
47	2.9	1.8	2.1	2.6	1.5	2.9	2.1	2.6	2.1	2.4	2.5	3.1	2.3	2.4	3.0	3.0	3.0	2.9	2.9	3.2	2.6	3.1	3.0	2.9	3.4	3.3	2.6	3.0	1.6	3.4	3.1	3.2	3.0	3.5	3.6	2.6	2.8	3.5	3.6	2.7	2.7	2.0	2.8	2.2	2.4	2.8	2.8	2.6	2.7	2.7	2.1	2.3	2.8	3.3	3.0	3.2	3.0	3.1	3.2	1.8	3.9	2.3	3.3	3.4	2.3	3.3	3.1	2.8	2.8	3.0	2.4	2.5	3.0	2.9	3.4	3.1	3.1	3.3	2.4	2.8	2.2	2.7	3.1	2.8	2.0	3.0	3.3	2.7	2.1	2.6	2.8	2.4	3.6	2.5	3.9	3.0	3.2	2.4	2.2	3.6
48	3.3	2.3	2.5	2.7	1.4	2.8	1.8	2.7	1.8	2.9	1.9	3.5	2.6	2.3	2.7	2.5	2.8	3.0	4.1	3.4	2.5	3.2	3.7	2.7	3.4	3.4	3.0	2.3	2.3	3.0	3.1	2.4	3.7	3.5	2.8	2.0	2.4	3.0	2.6	2.6	2.9	3.1	3.4	3.5	2.1	3.1	2.7	3.2	2.8	2.6	3.8	2.7	3.5	2.7	3.4	2.5	2.1	3.0	3.2	2.3	3.3	2.0	3.6	2.5	2.3	3.3	2.9	2.8	2.1	2.1	3.2	1.6	3.2	2.7	3.2	2.4	3.2	2.4	2.4	2.7	2.2	2.2	3.5	3.4	2.3	3.1	3.5	3.4	3.0	2.1	2.2	2.3	3.8	2.8	3.3	2.8	2.9	1.8	2.3	3.0
49	2.9	1.5	2.3	2.5	1.4	2.1	1.5	2.6	2.2	2.3	1.7	2.8	2.6	2.6	3.2	3.2	2.1	3.1	2.7	3.5	2.2	2.1	2.5	2.9	2.4	2.9	2.2	2.4	1.6	2.7	3.3	2.2	2.3	2.5	3.0	2.3	2.7	2.4	3.4	3.7	2.9	3.1	2.3	2.2	2.1	2.7	2.1	1.7	2.8	2.5	2.3	2.9	2.5	2.9	2.4	2.5	2.3	3.5	2.4	1.8	3.2	2.1	3.1	3.0	1.8	3.0	2.3	3.1	1.6	2.6	2.2	1.7	2.4	2.8	3.4	2.4	2.8	2.6	2.0	2.2	2.0	1.9	3.0	2.4	1.7	3.6	2.2	2.5	2.4	2.2	1.9	2.3	3.7	2.8	3.0	3.1	2.5	1.7	2.0	2.5
50	3.6	1.7	2.8	2.2	1.7	3.5	1.9	1.9	1.8	2.6	1.9	3.4	2.7	2.3	3.1	3.1	2.2	2.3	3.2	3.6	2.5	3.1	3.1	3.6	3.9	3.6	3.5	2.3	2.6	3.4	4.0	2.0	3.4	3.4	2.9	2.4	2.6	3.9	3.4	3.2	2.9	2.6	3.6	4.2	2.1	3.2	3.8	3.2	3.5	2.8	3.6	3.2	4.1	3.2	3.2	2.3	2.7	4.0	3.3	3.6	3.3	2.3	3.7	2.9	1.7	3.5	2.7	2.9	2.1	2.8	3.1	2.1	3.4	3.4	3.2	3.2	2.9	2.8	4.4	2.8	2.1	3.5	3.7	3.0	1.6	3.0	2.8	3.4	3.5	2.6	2.5	2.1	3.9	2.8	3.0	2.8	3.3	1.9	1.9	3.3
51	2.9	1.6	2.4	2.6	1.3	2.5	2.2	1.9	1.6	2.6	1.5	3.2	2.3	2.6	3.3	2.8	2.1	3.1	3.3	3.4	2.4	2.4	2.8	2.9	3.1	3.1	3.2	2.4	2.0	2.5	3.2	2.5	2.2	3.4	3.7	2.3	2.3	2.4	3.5	3.2	2.7	3.2	2.9	2.9	1.9	2.3	2.8	2.9	2.3	1.9	2.8	3.0	3.0	3.8	2.7	2.8	3.0	3.1	2.5	2.8	3.7	2.2	3.8	2.2	1.7	2.6	2.6	2.8	2.0	3.2	2.5	2.0	2.5	3.2	2.5	2.3	3.8	2.5	2.4	2.5	2.0	2.2	2.9	2.6	1.7	3.4	2.4	2.9	3.0	2.0	2.6	2.1	2.9	3.3	3.4	3.2	3.2	1.9	2.2	2.7
52	2.8	3.0	3.4	4.1	1.4	3.9	2.0	3.0	2.1	2.9	2.9	3.4	2.8	3.2	3.1	3.9	3.8	2.7	3.1	4.0	3.3	3.6	3.8	3.6	4.2	3.6	2.0	3.5	2.2	3.3	3.6	3.8	3.8	3.6	4.1	3.1	2.6	3.9	4.3	2.7	3.6	3.7	3.9	3.7	3.8	3.9	3.9	3.3	2.8	3.7	2.1	3.2	3.6	3.9	3.1	3.8	3.2	3.4	3.2	2.3	3.0	2.6	3.3	3.7	4.0	3.5	3.4	3.2	2.6	3.2	3.7	2.1	2.2	2.8	3.3	3.1	3.4	3.3	2.2	3.1	2.1	2.4	3.6	2.5	2.1	3.9	2.9	3.1	2.7	3.1	3.5	2.1	3.5	3.2	3.5	3.2	2.8	3.0	2.0	2.8
53	2.4	2.9	3.5	3.8	1.6	3.7	2.1	2.4	2.1	2.6	2.6	3.1	2.6	2.8	3.3	2.8	3.8	3.0	3.0	3.1	3.1	3.1	3.5	3.2	3.9	3.4	2.1	3.5	2.3	3.8	3.4	3.4	4.2	3.7	3.6	3.9	2.4	3.4	3.8	2.9	3.0	3.0	3.5	3.9	3.4	3.6	3.9	3.8	2.7	4.0	2.1	2.9	3.3	3.6	3.4	3.8	3.2	2.4	2.9	2.4	3.1	2.3	4.0	3.2	4.2	3.3	3.2	3.4	2.5	2.9	4.2	2.5	2.1	3.1	3.8	2.2	3.8	3.7	1.8	2.7	2.3	2.0	3.5	3.3	2.1	4.0	3.3	3.9	2.6	3.0	3.7	2.3	3.6	3.0	3.3	3.2	2.9	2.7	1.9	2.9
54	3.4	2.3	2.7	2.2	1.5	3.0	4.4	2.2	1.6	2.6	1.9	3.7	2.3	3.4	2.9	3.6	2.6	3.2	3.8	2.9	2.9	2.5	3.2	4.0	3.7	3.1	2.5	2.4	1.9	2.7	3.2	2.1	3.6	3.5	2.3	2.2	2.7	3.2	2.4	2.5	3.0	3.2	2.9	3.7	2.3	3.3	3.3	3.2	3.2	2.5	2.2	3.4	3.7	2.7	3.3	2.8	2.9	2.8	2.8	2.5	2.5	3.1	3.3	3.5	1.9	3.6	3.3	3.5	2.2	3.4	3.4	2.2	3.8	2.9	3.6	2.7	3.2	3.6	2.0	2.7	2.0	3.6	2.7	2.3	1.7	3.0	3.5	3.1	2.8	2.3	2.8	3.5	3.6	2.8	3.5	2.6	4.0	1.7	1.9	3.0
55	3.0	1.6	2.6	2.2	1.5	3.0	3.5	2.3	1.6	2.1	1.7	2.9	2.2	2.5	2.9	3.2	2.4	3.4	3.6	3.6	2.4	2.3	3.5	3.8	2.7	1.9	1.6	2.4	1.7	3.2	3.5	2.8	2.8	3.1	2.9	2.2	3.2	3.0	3.6	2.9	2.3	3.0	2.5	2.6	2.5	2.1	3.2	2.8	2.7	2.3	2.2	3.7	3.0	2.7	2.3	2.6	2.4	2.9	2.8	2.3	2.4	2.3	3.7	2.9	1.5	3.8	2.5	2.7	1.8	3.0	3.2	2.0	2.9	3.1	2.8	2.9	3.1	3.4	1.8	2.4	1.9	2.8	3.2	2.9	1.9	3.7	2.9	2.5	2.4	2.6	2.2	2.6	3.7	2.6	3.0	2.5	3.4	1.9	1.8	2.5
56	3.3	2.3	4.3	3.8	1.6	2.8	2.2	2.8	1.9	3.2	2.9	3.4	2.0	4.0	3.2	3.2	3.5	2.9	3.4	2.9	3.0	3.4	4.0	3.2	3.6	3.1	1.9	3.8	2.2	3.8	3.5	3.3	3.3	4.0	3.0	3.1	2.8	3.5	2.6	3.1	2.8	3.4	3.1	3.3	3.8	4.0	3.7	3.1	2.5	3.4	2.5	3.4	3.0	3.3	3.6	3.6	3.4	2.6	3.0	2.2	3.2	2.1	4.2	3.4	3.7	3.0	2.9	3.6	2.7	2.4	3.3	2.2	2.5	2.7	4.2	2.9	3.2	3.5	2.0	2.3	2.0	2.4	3.0	3.3	1.8	3.6	3.2	3.5	2.7	3.1	3.8	2.5	3.2	3.7	3.4	3.2	2.6	1.8	2.2	3.6
57	2.1	2.0	3.0	2.5	1.5	2.5	2.1	3.5	2.0	2.7	1.9	3.6	2.8	2.8	3.0	3.1	2.8	3.2	3.4	3.6	2.4	2.0	3.5	3.7	3.5	3.2	2.2	2.6	2.1	2.9	3.8	2.7	3.3	2.7	2.1	2.7	2.4	2.6	2.4	3.0	3.2	4.0	3.2	3.2	2.3	3.0	2.7	3.0	3.7	3.1	3.0	2.7	3.2	2.4	3.0	2.6	2.4	3.2	2.6	2.3	3.2	2.0	3.2	3.4	2.1	3.5	2.5	3.9	2.1	2.4	2.9	2.0	3.2	3.1	3.2	2.6	3.4	2.9	1.9	2.3	2.0	2.7	2.7	2.2	1.8	2.6	2.0	2.7	2.7	3.0	2.6	2.1	3.2	2.9	3.1	2.5	2.9	2.1	2.0	3.1
58	3.1	2.4	2.3	2.5	3.6	3.2	2.2	2.4	3.6	3.7	3.7	3.7	2.8	2.9	2.8	2.5	2.9	3.5	3.9	2.8	2.9	4.0	4.0	3.3	3.5	3.7	2.2	3.0	2.3	3.7	3.7	2.3	3.5	4.0	3.5	3.4	2.7	3.7	4.2	3.5	3.3	3.0	3.6	3.3	2.1	3.1	3.5	3.7	2.7	3.3	2.5	3.8	3.1	3.3	3.7	2.8	2.6	3.4	3.5	2.2	3.5	2.2	2.9	3.6	2.0	3.6	2.8	3.3	4.4	2.7	3.2	3.5	2.1	2.9	2.9	4.1	3.5	3.4	2.1	4.2	3.6	2.5	3.8	2.3	2.1	3.9	3.4	3.2	2.7	2.4	2.8	2.3	3.8	2.5	3.4	3.5	2.5	1.8	3.7	4.1
59	3.0	2.4	3.2	2.8	1.5	3.1	2.0	2.9	1.8	2.3	1.9	3.0	2.4	3.4	2.9	3.1	3.2	3.9	3.7	3.4	2.8	4.1	3.8	2.8	3.8	4.0	2.4	3.3	2.2	3.8	3.4	2.8	3.2	3.2	3.7	2.4	2.3	3.1	4.1	2.4	3.6	3.3	3.3	3.5	2.6	3.5	3.4	2.9	3.8	3.4	3.0	2.3	3.7	3.1	3.5	2.6	2.5	3.3	3.1	2.2	3.0	2.2	3.9	3.3	2.1	2.9	2.7	3.6	2.1	2.6	3.8	1.7	3.6	2.8	2.9	2.9	4.0	3.7	2.2	2.8	2.1	2.1	3.1	2.6	3.1	3.5	3.6	2.5	3.3	2.4	2.5	2.6	4.0	2.5	3.6	2.5	2.7	2.7	2.1	2.8
60	2.4	2.0	2.7	1.8	3.9	3.8	2.0	2.6	2.3	3.6	3.0	3.3	2.2	2.8	3.4	3.3	2.3	2.8	3.5	2.9	2.9	3.7	2.9	2.7	1.9	3.4	2.3	2.6	3.9	3.4	3.0	2.3	3.2	3.1	3.8	3.5	3.0	3.1	3.3	3.5	2.9	3.4	2.6	2.9	2.5	2.7	2.7	2.8	2.3	2.6	2.4	2.5	2.7	3.9	2.5	2.4	2.6	3.4	3.3	2.2	3.9	1.9	3.5	3.0	1.7	3.1	2.7	3.2	2.7	2.5	3.3	3.5	2.1	3.0	2.4	3.9	3.4	2.8	1.9	3.4	3.9	1.5	4.1	2.7	1.8	3.7	2.9	2.7	2.9	2.0	2.3	2.7	3.9	2.6	3.0	3.4	2.4	2.0	3.6	3.4
61	3.4	2.1	2.6	2.0	2.2	3.4	2.0	2.3	2.5	2.4	2.2	4.0	2.6	2.7	3.3	2.6	2.8	3.0	3.3	3.6	3.0	3.0	3.6	3.4	3.8	3.2	3.8	2.5	2.7	3.3	2.8	2.4	3.6	3.7	3.3	2.3	2.3	3.3	2.9	3.4	2.9	2.9	3.6	4.0	2.3	3.7	3.2	3.7	2.7	3.0	3.6	3.4	3.5	3.4	3.5	2.2	3.0	3.4	3.1	3.5	3.4	2.2	3.2	2.9	1.7	3.3	2.9	3.3	2.0	3.0	3.2	1.8	3.3	3.4	3.3	3.0	3.4	3.0	3.7	2.5	2.2	3.0	3.4	3.4	1.9	3.8	3.0	3.6	3.0	2.3	2.5	2.5	4.4	2.8	3.2	3.6	2.9	2.1	2.1	3.6
62	2.9	2.3	2.8	3.0	1.4	2.9	4.4	1.8	2.2	2.7	2.1	3.9	2.7	3.2	2.8	3.0	3.0	2.7	3.5	3.3	2.5	3.5	3.6	3.3	3.7	4.0	2.2	2.6	2.1	3.0	3.3	3.0	3.5	3.4	2.8	2.4	3.4	3.0	2.5	1.9	3.1	3.9	3.5	4.3	2.3	3.5	3.1	3.3	3.5	3.3	2.5	3.1	4.0	3.2	3.9	2.8	3.0	4.0	3.2	2.4	3.3	4.1	3.4	3.4	2.3	3.3	3.9	3.5	2.0	3.8	2.7	1.9	4.0	3.7	2.7	3.1	3.5	3.5	2.5	2.7	2.0	3.9	3.1	3.3	2.0	3.1	3.4	2.5	3.4	3.4	2.6	3.9	4.1	2.7	3.3	3.5	3.9	1.8	2.0	3.7
63	3.9	2.5	2.2	2.5	2.3	3.8	2.2	2.6	1.9	2.8	2.0	3.7	2.2	2.9	3.4	3.1	2.8	3.1	3.2	3.1	2.8	3.5	3.6	3.8	3.4	4.2	3.8	3.1	2.9	3.1	2.5	2.6	3.9	3.0	2.3	2.5	2.1	3.5	2.6	3.4	3.5	3.1	3.4	4.1	2.2	3.4	3.7	3.0	2.9	2.7	3.9	3.2	3.5	3.1	3.7	2.6	2.7	3.9	3.1	3.9	3.3	2.0	3.3	2.9	2.0	2.8	2.3	3.6	1.6	3.4	3.5	1.8	3.6	3.1	2.8	3.2	3.9	3.2	4.2	2.5	2.3	2.7	3.4	3.3	1.7	3.1	2.1	3.4	3.5	2.5	2.8	2.4	3.7	2.7	3.5	3.1	3.8	2.0	2.4	3.7
64	3.3	2.6	2.5	2.3	1.9	2.5	4.7	1.8	1.9	2.3	2.1	3.8	2.5	2.4	3.1	3.4	3.0	3.3	3.7	3.4	2.6	2.8	3.5	3.4	4.2	3.8	1.7	2.7	2.2	2.7	3.3	3.0	4.1	3.2	2.8	2.3	3.7	3.3	2.5	2.9	3.2	3.0	3.1	4.0	2.2	3.3	3.2	3.3	3.2	3.3	2.4	2.8	3.6	2.7	3.5	2.4	2.9	3.6	3.3	2.2	3.4	3.5	3.4	3.5	1.9	3.3	3.2	2.9	2.2	4.2	3.2	1.7	4.0	3.5	3.6	3.0	3.2	3.0	2.5	2.9	2.3	3.8	3.2	3.8	2.0	3.3	3.6	3.1	3.5	3.5	3.0	3.6	3.3	2.9	3.0	2.4	3.9	2.2	2.0	3.5
65	2.7	2.2	2.8	2.5	1.5	2.9	4.2	3.0	1.8	2.7	2.0	3.3	2.2	2.2	3.2	2.6	2.8	3.1	3.6	3.0	2.8	3.2	3.9	4.0	3.9	3.0	2.3	2.4	2.1	2.7	3.5	2.4	3.7	3.7	2.8	2.6	2.5	3.5	3.1	2.7	3.8	3.5	3.5	4.2	2.9	3.4	3.3	3.8	3.6	3.2	2.8	3.2	3.6	2.3	3.6	2.7	3.2	3.8	3.2	2.2	3.2	4.1	3.6	3.6	2.0	3.1	3.4	3.2	2.4	3.3	3.3	2.1	4.0	2.9	3.1	3.1	4.0	3.0	2.3	2.6	1.9	3.3	2.8	3.3	2.6	3.1	3.6	3.4	3.1	3.0	2.8	3.4	3.4	2.9	3.3	3.4	3.6	2.2	2.2	3.0
66	2.8	1.8	2.3	2.5	1.6	2.9	2.3	2.4	2.0	2.4	1.6	3.0	2.6	2.7	2.9	3.1	2.5	3.0	3.2	2.7	2.2	3.0	2.8	2.5	2.3	2.5	3.7	1.9	2.2	3.1	2.7	2.4	3.5	2.9	3.1	2.4	2.4	3.1	3.0	3.3	2.9	3.1	2.9	2.9	1.9	2.9	2.2	2.8	2.7	2.3	2.5	3.2	2.9	3.1	2.7	2.9	2.3	3.1	2.7	2.6	2.9	2.0	3.9	3.3	1.8	3.3	2.5	4.0	1.9	2.7	2.7	1.7	2.3	3.3	2.8	2.9	3.3	3.2	2.3	2.0	1.8	1.9	3.4	2.3	1.8	3.3	1.8	2.9	3.2	2.2	2.1	2.4	3.7	2.7	3.0	3.0	2.9	2.0	2.0	2.9
67	2.7	1.4	2.3	2.1	1.5	2.8	2.3	2.4	1.5	2.5	1.6	3.1	2.1	2.5	2.9	2.6	2.4	3.0	2.8	2.8	2.0	2.4	2.2	3.1	2.7	2.9	2.9	2.2	2.0	3.0	2.7	2.6	2.5	2.6	3.6	1.8	2.6	2.6	2.7	3.3	2.6	2.8	2.6	2.7	2.1	2.1	2.5	2.4	2.3	2.2	2.4	2.6	3.3	3.0	2.4	2.8	2.2	3.5	2.6	2.3	2.8	2.0	3.1	1.6	1.4	2.7	2.3	2.9	1.6	2.4	2.3	1.7	2.3	2.8	2.7	2.5	3.2	2.6	2.0	2.5	2.3	1.9	2.6	2.1	1.5	2.9	1.9	2.4	2.7	2.0	2.1	2.2	3.2	2.8	2.4	2.3	2.5	1.7	1.6	3.4
68	2.4	2.3	2.7	2.3	2.7	3.1	2.2	2.4	3.9	3.6	4.3	3.5	1.9	2.7	2.6	3.1	2.8	3.6	3.5	3.5	3.1	4.1	3.8	2.7	2.6	3.7	2.0	2.6	2.2	3.6	3.2	2.7	3.4	3.9	3.5	4.0	2.9	3.6	3.8	3.7	2.7	3.5	3.3	2.6	2.5	2.8	3.1	3.8	2.2	3.3	2.0	3.3	2.9	3.9	3.1	2.2	2.4	3.4	3.3	2.0	3.0	2.1	2.7	3.8	2.4	3.2	2.3	3.3	4.6	2.6	3.7	3.9	2.0	2.7	4.1	3.4	3.6	2.6	2.3	4.0	4.0	1.9	4.4	2.4	1.9	4.1	4.0	3.3	3.2	2.2	2.9	2.3	3.1	2.9	3.6	3.7	2.9	1.8	4.0	3.8
69	3.0	2.5	3.0	2.8	1.4	2.8	2.2	4.2	1.5	2.4	1.8	3.6	2.4	2.6	3.1	3.2	2.9	3.7	3.5	3.2	2.7	3.2	3.7	3.2	3.9	3.7	2.5	3.1	2.1	3.7	3.4	3.4	3.1	3.4	3.4	2.9	2.4	2.8	3.6	2.7	3.9	3.7	3.6	4.2	2.3	3.1	3.8	3.5	3.3	3.2	2.8	3.1	3.8	2.6	2.9	2.4	2.5	3.4	2.8	2.4	3.4	2.1	3.5	3.3	2.3	3.2	2.7	3.3	2.2	2.1	3.7	1.8	3.6	2.8	3.5	2.6	3.6	3.5	2.3	2.9	2.0	2.4	3.7	2.2	3.1	3.8	3.4	2.9	3.0	2.5	2.8	2.4	4.0	3.1	2.9	3.1	2.7	2.2	2.1	2.4
70	2.4	2.7	2.1	2.4	4.1	3.2	2.2	2.4	4.1	3.5	4.4	3.4	2.1	3.4	3.2	3.3	2.7	3.3	3.3	3.8	2.7	3.6	3.5	3.4	3.3	3.5	2.0	2.4	2.2	3.7	2.8	2.8	3.3	3.7	3.7	3.8	2.6	3.4	3.7	3.5	2.8	3.0	3.3	3.4	2.2	2.9	3.3	3.4	2.3	3.1	2.3	3.8	3.5	3.5	3.4	2.6	1.8	2.8	3.6	1.9	3.6	2.3	2.8	3.4	1.6	2.7	3.2	3.5	4.6	3.0	2.8	3.8	2.3	3.1	3.6	4.1	3.5	3.6	2.1	3.5	4.1	2.7	3.7	3.1	1.8	4.0	3.0	3.5	3.0	2.2	2.2	2.1	3.4	2.5	3.5	3.2	2.6	1.7	3.3	4.1
71	2.9	1.8	2.8	2.3	1.8	2.5	2.2	2.5	1.7	2.4	1.9	3.1	2.7	3.3	3.2	2.7	2.3	3.2	2.9	3.7	2.8	3.1	3.1	3.2	3.5	3.4	3.2	2.5	2.3	2.0	2.9	2.8	3.0	3.3	2.8	1.9	2.8	3.2	2.4	3.7	2.5	3.7	2.8	2.8	2.3	2.9	2.8	3.5	2.6	2.7	3.0	2.6	3.3	2.9	3.1	2.7	2.4	3.2	3.2	3.1	2.9	2.2	3.3	2.8	1.3	2.8	2.7	3.5	2.2	3.0	2.6	2.3	2.9	3.4	3.2	2.8	2.8	2.7	3.5	2.3	2.3	2.7	3.5	2.3	1.9	2.4	2.0	2.2	2.8	2.0	2.4	2.3	3.3	2.8	2.8	3.1	3.0	2.0	2.3	2.7
72	2.6	2.5	2.9	2.2	1.5	3.4	2.2	2.4	1.8	2.2	1.8	3.8	2.4	2.7	3.1	2.7	2.6	3.0	3.4	2.4	2.7	3.7	3.5	3.5	3.8	3.8	2.5	3.0	1.9	3.5	3.5	2.9	3.6	2.9	2.7	2.0	2.5	2.5	2.9	2.3	2.8	2.8	3.0	3.7	2.3	3.4	2.9	3.5	2.9	3.0	2.3	3.1	3.6	2.7	3.5	2.4	2.6	3.5	2.9	2.8	2.8	1.8	3.3	3.7	2.0	3.5	3.5	3.3	2.0	3.0	3.6	2.0	3.4	2.8	3.2	2.8	3.3	3.4	2.8	2.2	2.1	3.0	3.0	2.7	1.8	3.1	3.4	3.5	3.0	3.1	2.4	3.5	3.1	2.8	3.4	3.1	3.1	2.0	2.0	2.9
73	2.7	2.0	2.8	2.9	1.4	3.1	2.1	3.1	1.9	2.8	1.9	3.2	2.4	2.4	2.9	2.6	3.3	3.4	3.2	3.8	2.4	2.7	3.2	3.7	3.4	3.2	2.2	3.0	2.0	3.2	3.1	3.2	3.3	3.4	3.4	2.5	2.7	3.1	3.3	2.4	3.3	2.7	2.9	2.7	3.0	2.7	3.0	3.7	3.0	3.0	2.9	3.1	3.0	3.1	3.3	2.9	2.6	3.1	3.3	2.1	3.0	1.9	2.6	3.2	2.3	2.9	3.4	3.1	2.3	2.8	2.9	2.1	2.6	3.0	3.6	2.6	4.0	2.9	2.6	2.3	2.2	2.1	3.5	2.8	2.5	3.2	3.4	3.0	2.5	2.8	2.7	2.5	4.0	2.8	3.3	2.6	3.1	2.0	1.9	3.4
74	2.8	2.5	2.3	2.4	1.5	2.8	4.3	2.1	1.8	2.5	2.2	3.6	2.6	2.6	3.3	2.8	2.7	3.0	3.6	3.2	2.9	3.8	3.3	3.5	3.6	3.7	2.0	2.8	2.2	3.4	3.6	2.9	3.4	3.7	3.4	2.1	2.4	3.1	3.7	3.0	3.4	3.2	3.1	3.9	2.3	4.1	3.6	3.6	3.0	3.2	2.3	3.0	3.9	3.4	3.3	2.7	3.0	3.7	2.9	2.1	2.9	3.8	3.2	3.7	1.7	3.8	3.7	3.2	2.1	3.8	3.4	2.0	3.9	2.9	3.8	2.6	3.4	3.6	2.5	2.8	2.1	3.2	4.0	3.4	2.3	3.6	3.0	2.7	3.1	2.9	2.5	3.5	4.0	2.9	3.3	3.1	3.7	1.8	2.0	3.5
75	3.2	2.2	2.9	2.7	1.5	2.9	2.2	2.2	2.1	2.9	1.9	3.5	2.6	2.8	3.1	3.3	2.5	3.3	3.4	3.1	2.4	3.4	2.9	3.8	3.1	3.4	2.1	3.0	1.8	3.7	3.7	2.5	3.4	3.1	3.2	2.5	2.3	3.0	2.9	2.3	3.1	3.6	3.4	3.7	2.1	2.6	3.5	2.9	2.1	3.4	2.3	3.2	3.5	2.8	3.3	2.5	2.9	2.9	3.2	2.0	3.1	2.1	3.4	3.2	2.0	3.2	3.6	3.9	1.9	3.4	3.6	1.8	3.4	2.9	2.5	2.6	3.7	3.3	2.4	2.8	2.0	3.1	3.8	3.0	2.2	3.5	3.0	2.9	2.8	3.0	2.2	3.3	3.0	2.9	3.4	2.7	3.4	2.0	2.0	2.9
76	3.1	4.0	2.9	3.7	2.9	4.0	2.2	2.1	3.8	2.4	3.3	4.1	2.2	2.9	3.1	2.5	3.5	2.9	3.4	3.6	2.9	3.5	3.8	3.2	4.0	4.1	2.3	3.5	2.2	3.2	3.8	3.2	3.6	4.0	3.2	3.1	2.4	4.0	3.3	2.8	2.7	3.2	3.1	3.6	4.1	3.2	4.0	3.4	2.6	4.1	2.3	3.6	3.1	3.2	3.4	3.9	2.6	3.0	3.6	2.1	3.5	2.2	3.3	3.7	4.1	3.9	3.1	3.6	4.5	3.0	3.8	3.3	2.1	2.8	3.5	3.9	3.9	3.8	2.5	3.8	2.6	2.4	3.8	2.7	1.6	3.1	3.8	3.5	2.7	2.6	3.7	2.5	3.7	2.3	3.4	2.7	2.8	2.2	2.9	4.5
77	3.0	2.0	3.1	2.3	1.6	2.7	2.1	2.0	1.9	2.9	1.9	3.2	2.4	3.1	3.5	3.2	2.3	3.2	3.5	3.3	2.4	3.1	3.0	3.1	3.8	2.8	3.6	2.2	2.4	3.3	3.0	2.7	2.6	2.6	3.3	1.9	2.7	3.0	2.3	3.0	2.8	3.2	3.2	2.8	2.2	3.2	2.8	3.8	3.2	2.7	3.9	3.3	2.9	3.3	3.0	2.3	2.8	3.4	3.5	3.3	2.7	2.1	3.4	2.4	2.2	3.2	2.7	3.1	1.9	2.6	2.6	1.5	2.7	3.0	3.5	2.3	3.0	3.3	4.0	2.4	2.1	3.1	3.5	2.8	1.7	2.7	2.9	3.0	3.0	2.7	2.5	2.6	3.9	3.0	3.2	2.6	3.7	2.0	1.9	3.6
78	2.2	1.8	2.5	2.2	1.5	3.0	2.0	3.8	1.7	2.4	1.8	4.1	2.3	2.6	2.8	3.0	2.8	2.6	3.4	3.2	2.1	2.4	3.6	3.3	2.8	3.3	2.4	2.3	1.9	3.0	3.8	2.5	2.7	3.2	2.1	2.7	2.6	3.7	2.6	3.2	3.2	3.1	3.2	3.2	2.2	2.6	2.4	3.0	3.8	2.8	2.8	3.2	3.1	2.9	3.1	2.7	2.5	3.4	2.8	2.0	3.0	2.3	2.9	3.4	2.3	2.7	2.2	3.2	2.3	2.4	2.7	1.8	3.2	2.9	3.0	2.8	2.7	2.9	2.6	2.4	2.2	2.6	2.4	2.4	2.2	2.8	2.3	2.7	2.2	2.8	2.5	2.6	3.4	2.7	3.1	2.6	2.8	2.0	2.1	2.7
79	2.6	4.1	3.6	4.1	1.5	4.0	2.1	3.2	1.9	2.7	2.8	3.3	2.4	3.1	2.9	2.8	4.1	3.6	3.4	3.4	3.0	3.6	3.5	3.3	4.2	4.2	2.0	4.0	2.3	3.4	3.3	4.1	4.1	4.2	3.4	4.0	2.4	3.5	4.3	2.3	2.6	2.9	3.3	3.5	3.6	3.4	4.0	3.9	2.9	4.0	2.4	2.8	2.6	3.6	3.8	3.3	2.9	3.5	3.1	2.3	3.2	1.8	3.9	3.5	3.4	3.7	3.4	2.9	2.7	3.1	3.8	2.3	2.0	2.8	3.2	2.6	3.6	3.3	2.5	2.8	2.1	1.7	3.5	2.9	2.2	4.0	3.3	3.4	2.2	3.1	4.0	2.2	3.5	2.9	3.1	3.4	2.6	2.2	2.0	3.2
