idea_index	viewpoint00	*viewpoint01	viewpoint02	*viewpoint03	viewpoint04	viewpoint05	viewpoint06	viewpoint07	viewpoint08	viewpoint09	viewpoint10	viewpoint11	viewpoint12	viewpoint13	viewpoint14	viewpoint15	viewpoint16	viewpoint17	viewpoint18	viewpoint19	*viewpoint20	*viewpoint21	viewpoint22	viewpoint23	*viewpoint24	viewpoint25	viewpoint26	viewpoint27	*viewpoint28	viewpoint29	viewpoint30	viewpoint31	viewpoint32	viewpoint33	viewpoint34	*viewpoint35	viewpoint36	viewpoint37	viewpoint38	viewpoint39	viewpoint40	viewpoint41	viewpoint42	viewpoint43	viewpoint44	viewpoint45	viewpoint46	viewpoint47	viewpoint48	viewpoint49	viewpoint50	viewpoint51	*viewpoint52	*viewpoint53	viewpoint54	viewpoint55	viewpoint56	viewpoint57	viewpoint58	viewpoint59	*viewpoint60	viewpoint61	viewpoint62	*viewpoint63	viewpoint64	*viewpoint65	viewpoint66	viewpoint67	*viewpoint68	viewpoint69	*viewpoint70	viewpoint71	viewpoint72	viewpoint73	viewpoint74	*viewpoint75	*viewpoint76	viewpoint77	*viewpoint78	*viewpoint79	*viewpoint80	viewpoint81	viewpoint82	*viewpoint83	*viewpoint84	viewpoint85	viewpoint86	viewpoint87	viewpoint88	viewpoint89	viewpoint90	*viewpoint91	viewpoint92	viewpoint93	viewpoint94	viewpoint95	*viewpoint96	viewpoint97	*viewpoint98	viewpoint99
0	3.7	4.2	4.5	2.7	3.9	3.7	3.9	3.2	3.7	4.7	3.7	3.7	4.2	3.1	3.8	3.4	1.4	4.1	3.4	3.3	3.4	4.0	3.4	3.9	3.3	4.7	3.2	2.3	3.4	4.1	2.6	4.4	4.0	3.4	2.3	2.4	4.5	3.1	2.7	4.3	3.2	4.1	3.0	2.5	4.0	4.0	3.5	3.1	3.2	3.1	4.1	2.9	3.7	2.4	4.2	3.7	3.5	3.9	2.5	4.3	3.8	2.7	4.1	3.5	3.5	3.7	3.3	2.5	3.8	3.5	2.5	2.4	1.6	1.9	2.3	3.7	2.8	2.2	2.1	4.0	3.3	3.6	3.0	3.3	3.3	1.9	4.7	2.7	3.3	4.0	4.0	3.1	3.1	4.2	2.6	3.5	3.1	3.0	2.6	2.2
1	4.1	4.4	4.0	1.6	4.0	4.1	3.7	4.5	3.4	4.5	4.4	3.7	4.2	3.0	3.2	4.2	1.9	3.8	3.6	3.0	4.0	4.3	3.4	4.1	3.3	2.2	2.6	4.5	2.9	2.9	3.4	4.6	3.9	2.9	2.3	2.2	4.9	3.8	3.2	4.1	3.4	4.9	3.2	2.4	3.7	3.9	2.4	3.0	3.9	2.4	3.0	3.5	3.1	2.3	2.9	4.2	4.0	3.8	2.0	4.0	3.8	3.1	3.8	3.9	4.6	4.1	3.4	1.6	3.7	3.7	2.5	2.9	1.4	1.8	2.0	4.7	3.0	4.6	2.4	3.6	3.7	4.1	3.3	3.2	3.6	2.0	4.6	3.0	3.6	3.7	4.0	2.8	3.0	4.3	2.0	3.7	2.7	3.1	4.1	1.5
2	3.5	2.2	3.1	4.5	4.3	2.5	3.5	1.6	3.7	4.3	4.0	2.3	2.0	3.0	3.9	4.0	2.0	2.6	3.7	3.0	1.9	3.4	3.7	3.7	3.9	4.2	4.0	2.5	3.9	3.6	2.3	1.8	3.5	3.5	3.3	2.4	1.1	3.6	3.6	3.4	4.1	1.1	3.0	4.1	3.3	3.9	3.5	3.8	3.5	3.9	3.3	2.9	3.9	3.9	2.2	3.5	3.6	3.3	4.5	2.2	3.1	3.8	3.2	3.8	1.7	4.0	3.3	2.4	3.6	4.0	4.4	2.4	4.2	4.2	1.3	1.5	2.7	2.5	3.7	2.4	4.0	2.4	3.8	3.2	3.5	1.8	3.2	2.4	3.7	3.1	1.9	3.6	3.9	1.7	4.5	2.3	3.4	3.8	3.3	4.4
3	3.0	2.2	2.2	3.6	3.2	1.9	2.8	1.6	2.0	4.2	3.8	2.4	2.1	2.9	3.0	3.0	1.9	1.9	3.2	2.8	1.7	3.6	2.7	3.6	2.3	2.0	3.7	2.6	2.4	3.3	2.6	1.7	3.0	3.3	2.5	2.5	1.2	2.9	2.9	3.2	2.4	1.2	2.5	2.8	2.5	3.4	3.2	3.6	3.2	3.7	1.5	2.3	2.9	4.0	1.8	3.7	3.5	3.0	4.2	1.9	3.0	3.0	3.5	3.4	2.1	2.6	3.7	2.6	3.2	2.3	3.2	3.1	4.4	3.6	1.3	1.5	2.0	1.2	3.1	2.4	2.6	2.3	2.3	2.2	3.8	3.5	3.2	3.6	3.7	2.8	1.7	3.8	3.0	1.7	2.9	2.3	2.6	3.0	2.8	2.7
4	3.7	4.1	3.8	1.7	3.6	3.9	3.6	4.2	3.7	4.3	3.8	3.9	4.1	2.7	2.8	3.7	1.9	4.1	3.8	3.4	3.0	4.0	3.4	4.2	3.7	2.5	2.9	4.2	3.1	2.7	2.6	4.4	4.2	3.0	2.9	2.4	4.8	3.8	3.5	3.2	3.8	4.5	3.1	2.6	3.6	4.0	2.8	3.7	3.7	2.7	3.2	3.1	3.3	2.4	2.7	3.7	3.5	3.5	1.7	3.8	3.6	2.6	3.5	3.9	3.5	4.2	3.4	1.7	3.8	3.9	2.5	2.7	1.5	1.7	1.8	4.5	3.0	4.7	2.1	3.7	3.7	4.1	3.1	2.7	3.6	1.7	4.3	2.7	3.5	3.7	4.1	2.6	3.3	4.4	2.0	2.8	2.7	3.4	4.3	1.6
5	3.6	2.2	2.6	3.8	3.8	2.1	3.0	1.5	3.1	4.2	3.9	2.3	1.8	3.1	3.9	3.3	2.4	2.3	4.2	2.8	2.1	3.6	2.8	4.2	3.2	2.0	2.7	2.3	3.4	3.0	2.4	1.7	3.1	2.9	3.7	2.3	1.2	3.9	3.2	3.6	3.5	1.2	2.4	4.0	3.6	3.2	2.9	3.4	3.1	3.7	3.6	2.4	3.6	4.0	2.5	3.7	3.2	3.7	4.2	2.3	3.1	3.6	3.4	3.3	1.9	3.2	3.2	1.4	3.1	3.6	3.8	2.7	1.4	1.8	1.3	1.6	2.7	2.2	3.2	2.7	3.9	2.6	3.7	3.6	2.5	2.2	3.4	2.3	3.4	3.7	2.3	2.5	3.5	1.6	4.1	2.5	3.1	3.8	3.3	4.5
6	3.8	2.5	2.8	3.9	3.6	3.7	3.9	1.9	3.8	2.7	3.4	2.9	2.4	2.8	3.4	3.3	3.8	2.6	3.3	3.0	1.9	3.7	3.0	3.2	3.6	4.1	4.3	3.2	3.1	3.2	2.8	2.3	2.9	2.2	3.0	2.4	1.8	3.5	2.3	3.9	4.3	2.0	3.1	3.6	3.1	3.6	2.8	3.9	3.5	3.7	2.3	2.5	4.1	3.6	2.0	3.9	3.4	3.1	3.9	2.3	3.1	3.4	3.2	3.4	1.8	4.1	2.9	4.7	3.9	4.2	4.3	4.0	3.6	3.4	1.2	2.1	2.6	3.4	3.2	3.4	3.2	2.3	3.7	2.6	3.1	1.5	3.8	2.1	3.4	2.9	2.5	3.7	2.7	1.8	4.4	2.1	2.6	3.3	3.8	3.0
7	2.2	2.4	2.2	2.4	2.9	2.6	3.0	1.9	2.1	4.3	3.5	2.4	2.8	3.1	3.1	2.9	1.7	1.9	3.1	2.7	2.4	3.4	3.7	3.0	2.1	1.8	4.1	2.9	2.7	3.5	3.3	2.6	3.0	3.7	2.6	2.3	2.0	2.8	2.5	3.5	1.3	1.5	2.7	2.0	3.2	2.6	2.5	3.3	2.8	3.4	2.9	2.7	2.6	3.2	2.1	3.1	3.6	2.7	3.6	2.2	3.1	3.2	3.0	3.0	2.3	2.6	3.6	3.0	3.1	2.1	2.8	2.9	2.7	3.1	1.2	1.9	1.7	1.7	3.2	2.2	2.7	2.4	2.3	2.5	3.6	3.8	3.5	3.9	3.5	3.3	2.6	3.5	2.3	1.6	2.6	3.1	2.7	2.1	2.2	2.2
8	2.9	2.4	2.6	2.3	2.5	2.4	3.2	1.8	2.4	4.3	3.9	2.4	1.9	4.3	2.8	3.6	2.0	2.2	3.7	2.9	2.6	3.7	2.8	3.4	2.1	1.6	4.1	3.1	2.7	3.1	3.0	1.6	3.3	4.1	2.0	2.5	1.1	2.7	2.9	3.1	1.4	1.2	2.5	2.7	3.0	3.2	3.0	3.5	3.1	4.0	1.4	2.5	2.8	4.3	2.2	3.4	3.3	2.9	4.1	2.0	3.7	2.9	2.7	3.4	1.9	2.3	3.8	4.1	3.7	1.9	3.2	2.7	4.3	3.4	1.4	1.6	1.8	2.4	3.0	2.6	3.1	2.1	3.1	2.1	3.7	5.0	3.5	4.5	3.7	3.8	2.1	4.0	3.0	1.5	3.0	2.6	3.1	2.9	2.7	2.4
9	4.0	2.3	2.5	4.0	3.4	3.3	3.1	1.4	3.4	3.6	3.7	2.8	2.4	2.5	3.1	2.9	4.4	2.6	3.1	2.1	1.7	3.1	3.2	3.3	3.6	2.0	2.3	3.9	3.6	2.9	2.4	2.0	2.6	2.0	3.5	2.6	1.6	3.7	3.3	2.9	4.1	2.0	3.0	4.0	3.2	3.4	2.9	3.6	3.8	3.3	2.5	2.4	4.0	3.7	2.3	2.9	3.4	2.7	4.0	1.9	2.7	3.6	3.0	3.2	2.0	3.8	3.3	1.6	2.9	4.2	3.8	2.7	1.3	3.2	1.4	1.7	2.4	3.9	3.4	2.3	3.4	2.4	3.4	2.7	2.7	1.6	2.9	2.2	3.5	3.1	2.1	2.6	3.0	1.6	3.7	2.0	3.1	3.2	3.2	4.6
10	3.7	2.2	3.1	4.0	4.3	2.3	3.8	1.8	3.4	4.3	3.8	2.4	2.2	3.0	3.8	3.6	2.0	2.1	3.3	3.1	2.1	4.1	3.6	3.5	3.2	4.7	3.9	2.2	3.6	3.1	2.4	1.6	3.3	2.9	3.3	2.4	1.4	3.3	3.6	3.2	3.8	1.2	2.8	3.7	3.6	3.5	3.0	3.6	3.4	3.9	3.5	2.6	3.8	4.1	2.0	3.5	3.1	3.0	4.0	2.0	3.5	3.7	3.3	3.3	2.0	3.9	2.8	2.5	3.4	3.9	3.6	2.7	3.7	3.8	1.6	1.6	3.0	2.5	3.5	2.4	3.4	2.5	3.6	2.8	3.1	1.7	3.4	2.1	3.3	3.4	2.4	3.9	4.1	1.6	3.7	2.1	3.3	3.9	3.3	4.6
11	3.6	2.6	2.9	4.2	3.8	4.1	3.5	1.4	4.1	4.4	3.6	2.4	2.3	2.8	3.5	3.9	4.5	2.5	3.7	3.3	1.9	4.0	3.1	3.6	3.8	2.3	4.5	4.3	3.8	2.9	2.4	2.0	3.4	2.9	3.5	2.7	1.4	4.4	2.7	3.4	4.5	1.3	2.4	4.1	4.3	3.1	3.1	4.0	4.2	3.9	2.3	3.0	4.1	4.2	2.2	4.2	3.7	2.8	4.3	1.8	3.6	3.7	3.4	4.0	2.6	4.2	3.3	5.0	3.8	4.7	4.3	3.7	3.6	3.2	1.2	1.5	2.7	4.7	3.9	3.1	3.9	2.6	3.6	2.7	3.3	2.0	4.1	2.9	3.7	3.6	2.6	3.9	3.5	2.0	4.3	2.0	2.7	3.9	4.1	4.6
12	4.4	2.1	2.0	4.3	3.7	2.4	2.8	1.7	3.7	4.3	3.5	2.4	1.8	2.7	3.6	3.4	2.4	2.0	3.7	3.1	1.9	3.2	3.2	3.2	3.8	1.8	4.1	2.7	3.2	2.9	2.2	1.9	3.3	2.9	3.1	2.0	1.2	4.1	3.1	3.0	4.5	1.2	2.4	4.1	3.5	3.0	3.2	3.5	3.7	3.6	2.1	2.4	3.9	3.9	2.1	3.3	3.2	3.3	4.3	1.5	2.8	3.7	2.9	3.2	1.8	4.2	2.7	2.7	3.0	3.8	3.9	2.4	4.1	3.6	1.2	1.4	3.2	2.6	3.9	2.5	3.7	2.6	3.8	2.8	3.2	1.5	3.0	2.2	3.7	3.2	1.9	3.9	3.8	1.5	4.1	2.2	3.0	4.2	3.3	4.7
13	3.8	2.3	3.2	4.2	4.0	3.9	3.7	1.8	3.9	3.9	3.4	2.8	2.8	2.8	3.1	3.1	4.3	2.6	3.7	3.2	1.9	4.0	3.2	3.5	3.7	4.5	4.1	4.5	3.8	3.0	3.0	1.8	3.5	2.6	4.1	2.3	1.3	4.0	3.1	3.4	4.3	1.6	2.6	4.0	3.8	3.6	3.0	3.6	3.7	4.0	2.3	2.5	3.8	3.7	2.5	3.5	3.4	3.0	4.4	2.1	3.0	3.8	3.3	3.9	2.5	3.8	3.0	4.1	3.6	4.0	4.3	3.8	3.4	3.3	1.4	2.0	2.4	4.4	3.8	2.9	4.0	2.5	4.0	2.4	2.9	1.7	3.6	2.1	3.4	3.5	1.9	3.5	3.2	1.7	4.1	1.9	2.7	3.5	3.6	4.7
14	2.7	4.0	3.3	3.3	4.1	2.8	3.9	3.0	3.7	4.5	3.3	3.1	3.7	3.3	3.3	4.0	1.5	3.7	3.3	3.3	4.6	3.9	3.3	3.7	3.2	4.5	3.5	3.0	2.9	3.3	3.2	4.1	3.3	3.8	3.0	2.3	4.1	3.4	2.7	3.4	2.9	3.8	3.2	2.5	3.7	3.7	3.3	3.2	3.5	2.9	3.7	2.9	2.9	2.7	4.1	3.8	3.4	3.8	2.3	3.9	3.7	3.1	3.6	3.3	3.5	3.5	3.9	1.6	3.2	3.1	3.0	2.4	1.5	3.2	3.7	3.6	2.3	3.2	2.5	3.2	3.6	4.0	3.8	3.5	3.6	1.7	4.2	3.1	4.0	3.5	3.7	3.0	3.4	4.0	3.1	3.5	2.9	2.4	3.9	2.4
15	3.9	4.5	3.9	1.7	3.4	4.3	3.7	4.5	3.4	4.5	4.0	4.0	4.2	2.9	3.7	4.0	1.9	4.1	3.3	3.1	2.9	3.8	3.2	4.1	3.5	2.0	3.0	4.4	3.1	3.1	2.7	4.4	3.8	3.0	2.9	2.6	4.8	4.5	3.0	3.4	3.4	4.7	3.1	2.5	3.7	4.1	2.5	3.5	3.3	2.4	3.5	3.5	3.4	2.4	2.9	3.7	3.4	3.9	1.5	4.2	3.8	2.8	4.1	3.6	4.4	3.8	3.1	1.7	3.6	3.8	2.5	2.7	1.8	1.8	2.1	4.7	3.1	4.4	2.1	3.6	3.7	4.1	3.4	2.6	3.6	1.7	4.0	2.7	3.1	3.7	4.4	2.5	3.4	4.5	2.1	2.8	2.8	3.4	4.4	1.5
16	3.3	3.9	4.1	1.5	4.0	3.9	3.3	3.8	3.5	4.5	4.1	3.6	4.4	2.9	3.8	3.6	1.8	4.4	3.4	2.7	3.8	4.1	3.1	4.1	3.5	2.7	2.6	3.9	2.9	2.5	3.0	4.6	3.7	3.2	2.9	2.6	4.8	3.8	2.8	3.8	3.6	4.9	3.3	2.3	3.4	3.4	2.5	3.0	3.9	2.5	4.1	3.4	3.3	2.3	2.5	4.1	3.9	3.5	2.0	4.3	3.3	3.1	3.8	3.3	3.9	3.8	3.2	1.8	3.7	3.7	2.2	2.7	1.4	1.7	2.8	4.6	2.9	4.4	2.1	3.7	3.6	3.8	3.8	2.4	3.5	1.7	4.3	3.1	3.2	3.7	4.6	2.7	2.7	4.6	2.2	3.1	2.6	2.8	3.7	1.6
17	4.0	2.3	2.6	3.9	3.5	4.0	3.0	1.8	4.4	3.8	3.3	2.5	2.1	2.5	3.3	3.4	4.2	2.8	3.3	3.1	1.8	3.4	2.9	3.1	3.7	2.0	3.0	4.2	3.8	2.5	3.0	1.9	3.6	3.0	3.4	2.2	1.1	3.8	2.6	3.2	4.1	1.3	2.2	4.3	3.8	3.3	3.0	3.2	3.8	3.9	2.4	3.3	4.3	4.1	2.4	3.5	3.7	2.6	4.1	2.0	2.7	3.8	3.2	3.7	2.0	4.1	3.4	1.8	3.4	4.3	3.3	2.5	1.4	1.9	1.4	1.7	3.2	4.5	3.3	2.6	3.6	2.3	3.6	2.4	3.1	2.0	3.7	2.3	4.1	2.8	2.2	2.4	3.3	1.6	4.1	2.0	3.4	4.0	3.8	4.6
18	3.8	3.9	3.1	2.3	4.1	2.7	3.6	3.7	3.5	4.5	3.6	3.7	4.0	2.9	2.8	3.1	2.0	3.8	3.6	2.7	3.7	3.9	2.8	3.5	3.8	4.3	3.8	2.6	3.2	2.7	2.9	4.3	3.6	2.8	3.4	2.3	4.1	3.7	3.4	2.9	4.2	3.5	2.8	2.4	3.0	4.2	2.6	3.4	3.5	2.4	3.4	2.9	3.1	2.2	2.3	3.5	3.0	3.8	2.4	3.4	3.5	3.4	3.7	3.8	3.2	3.8	3.6	2.4	3.4	3.7	2.8	2.7	2.9	3.4	2.1	3.7	2.8	2.9	2.3	3.6	2.9	3.9	3.5	2.5	3.1	1.8	3.7	2.4	3.4	3.3	3.5	3.6	3.5	4.0	2.8	3.5	3.4	3.4	3.5	2.8
19	3.7	3.4	4.1	4.1	3.6	3.9	3.3	1.6	3.6	4.6	4.2	3.3	2.9	2.7	3.7	3.8	1.3	3.8	3.8	3.8	2.3	4.4	2.6	3.8	3.9	1.8	3.0	2.7	3.2	4.5	2.7	3.7	3.8	3.7	3.9	2.5	3.4	4.1	3.5	3.7	3.4	3.0	2.8	4.0	3.6	3.6	2.6	3.2	2.6	4.3	3.8	3.0	3.7	4.0	2.7	4.3	3.8	3.8	4.2	1.8	4.3	3.3	3.7	3.7	3.6	3.8	3.0	3.5	3.9	4.2	3.2	2.2	1.7	1.9	1.5	3.0	3.7	1.2	3.3	3.8	3.1	2.7	4.0	2.9	3.3	1.8	4.6	2.4	2.4	3.5	3.8	2.9	3.3	2.7	3.5	2.5	2.9	3.3	2.3	3.8
20	3.6	4.5	4.3	1.7	3.7	4.2	3.8	4.3	3.6	4.5	4.1	4.1	4.1	2.9	3.5	4.2	1.9	4.3	3.9	3.0	3.3	3.9	3.4	4.2	3.3	2.3	2.9	3.8	3.2	2.7	2.6	4.5	3.7	3.8	3.0	2.3	4.8	4.0	2.8	3.2	3.5	4.7	3.0	2.8	3.3	3.8	2.9	3.7	3.6	2.3	3.7	3.4	3.0	2.3	2.8	3.9	3.5	3.7	1.6	4.2	3.8	2.8	4.0	4.0	4.1	3.8	3.3	1.5	3.6	3.8	2.3	2.3	1.4	1.8	2.2	4.6	3.1	4.6	2.1	3.9	3.3	3.8	3.9	2.9	3.5	1.7	4.2	2.7	4.0	4.0	4.3	2.6	3.0	4.6	1.9	3.0	2.8	3.2	4.1	1.5
21	2.8	1.8	2.1	3.8	3.0	3.9	2.4	1.9	2.1	4.1	2.9	2.2	1.8	2.8	2.7	3.4	4.2	1.9	2.4	2.3	1.8	3.6	3.1	2.6	2.9	1.5	1.7	4.5	2.7	1.5	2.8	1.7	3.5	2.8	2.7	3.3	1.3	3.1	3.2	2.1	2.2	1.2	2.6	3.5	2.8	3.2	3.5	2.7	3.7	3.0	2.2	2.4	2.5	3.8	2.1	3.5	3.0	2.8	3.9	1.3	2.7	3.3	3.0	2.3	1.8	3.2	1.8	1.2	3.2	3.1	3.4	2.9	1.3	3.0	1.6	1.5	2.1	4.2	2.6	2.4	2.2	2.5	2.7	1.8	2.3	1.5	1.8	1.8	2.3	2.8	1.9	2.1	2.6	1.5	2.8	1.9	3.3	2.4	3.5	4.3
22	4.0	2.4	2.4	4.1	3.5	2.2	3.2	1.8	3.8	4.1	3.7	2.4	2.1	2.4	2.7	3.4	2.5	2.1	3.0	2.9	2.1	3.5	2.9	2.8	3.4	1.9	4.0	2.7	3.2	2.6	2.6	1.7	3.3	2.7	3.5	2.6	1.2	3.8	3.3	3.2	3.9	1.1	2.4	3.7	3.3	2.7	3.0	3.4	3.8	3.7	2.1	2.1	4.2	4.0	1.8	3.7	3.3	2.3	4.2	1.6	2.9	3.9	2.8	3.0	2.0	3.6	3.0	2.1	3.3	3.6	4.1	2.3	2.4	2.8	1.2	1.4	2.8	2.6	3.4	2.2	3.1	2.2	3.3	2.9	3.1	1.7	3.3	2.1	3.2	3.1	2.1	2.8	3.0	1.6	3.6	2.3	3.2	3.8	2.7	4.7
23	3.7	4.0	4.0	2.1	4.3	4.4	3.7	3.2	3.9	4.4	3.8	3.8	4.3	2.9	3.4	3.8	2.1	3.8	3.4	3.6	3.0	4.1	3.2	4.0	3.6	3.0	4.3	4.3	2.9	2.4	3.2	4.0	4.0	3.4	2.6	2.6	4.6	3.8	3.2	3.4	4.1	4.2	3.0	2.6	3.7	3.7	3.2	3.3	3.8	2.7	3.8	3.8	3.5	2.3	2.7	4.6	3.5	3.5	2.3	3.2	3.9	2.7	3.7	3.9	3.7	4.1	2.8	4.3	4.2	4.0	2.8	4.2	2.8	3.3	2.0	4.1	3.0	4.7	2.8	3.2	3.6	4.1	3.4	3.4	3.7	2.0	4.5	2.8	3.8	4.3	3.9	4.3	3.7	4.5	2.5	3.5	2.3	3.0	3.9	2.8
24	3.5	4.2	3.7	2.0	2.9	4.1	3.7	2.6	3.9	4.4	4.4	3.8	3.9	2.7	3.4	4.0	2.6	4.4	4.3	3.1	2.4	4.1	3.1	3.9	3.2	2.0	2.7	4.3	3.4	2.5	2.9	4.0	3.6	3.0	2.8	2.6	4.1	4.2	3.0	3.3	4.1	4.0	2.1	2.9	4.1	3.7	3.2	3.1	4.0	2.5	3.8	3.2	3.2	3.0	2.5	4.2	4.0	3.2	2.6	3.1	3.6	2.7	3.8	3.9	3.5	3.5	3.4	1.5	4.2	3.8	3.0	2.5	1.6	1.8	1.5	3.8	3.3	4.3	2.3	4.0	3.1	4.0	3.0	3.3	3.6	1.8	4.2	2.6	3.3	3.7	4.2	2.6	3.1	4.4	1.7	2.1	2.9	3.6	3.8	2.1
25	3.9	4.3	4.4	1.7	4.0	3.8	3.8	4.6	3.4	4.6	4.1	4.1	4.2	2.9	3.3	3.9	1.9	4.4	3.4	3.0	4.3	4.0	3.7	3.4	3.5	2.7	3.0	4.3	3.3	3.1	2.9	4.4	3.8	3.2	2.7	2.6	4.9	4.1	2.9	3.5	3.5	4.7	3.0	2.1	3.3	3.7	3.2	3.7	3.8	2.7	3.2	3.6	3.8	2.2	2.8	4.3	3.5	3.5	1.7	4.1	3.8	2.8	3.8	3.6	4.4	3.9	3.2	1.6	4.0	3.3	2.3	2.7	1.6	1.7	2.2	4.7	2.9	4.5	2.4	3.5	3.9	4.2	3.1	2.8	3.3	1.8	4.3	2.7	3.2	3.9	4.3	2.5	3.1	4.6	1.8	3.4	2.9	2.9	3.7	1.5
26	4.0	4.4	4.0	1.6	3.6	4.1	3.7	4.2	3.8	4.5	4.5	4.1	4.3	2.8	3.1	3.7	1.8	4.4	3.6	3.2	3.8	4.0	3.3	3.7	3.5	2.4	3.0	4.3	3.4	3.1	3.0	4.7	3.6	3.5	3.4	2.4	4.8	3.6	2.8	3.8	3.5	4.6	3.1	2.4	3.8	3.9	2.6	3.7	3.7	2.7	3.9	3.5	3.6	2.3	2.7	3.8	3.3	3.9	1.6	4.1	3.8	2.5	4.1	4.0	4.4	4.2	2.9	1.6	3.8	3.6	2.1	2.8	1.4	1.6	2.1	4.6	3.2	4.4	2.2	3.8	3.6	4.0	3.3	2.7	3.0	2.0	4.4	2.5	3.6	3.5	3.2	2.5	3.6	4.7	2.0	3.3	2.6	3.3	4.0	1.8
27	3.8	2.4	2.4	4.5	3.4	3.4	3.2	1.6	3.9	3.6	3.2	2.8	2.3	2.6	3.0	3.3	4.4	2.3	3.7	2.3	1.9	3.3	2.7	3.5	3.9	1.7	2.5	3.8	3.4	2.7	2.5	2.2	2.6	2.3	3.4	2.8	1.4	3.5	2.3	3.0	3.9	2.0	2.8	3.7	3.0	3.6	2.9	3.6	3.7	3.3	2.6	2.5	3.9	3.6	2.4	3.1	3.2	3.1	4.1	1.7	2.8	3.9	3.1	3.7	2.1	3.7	2.4	1.4	2.8	4.3	3.7	2.6	1.3	3.1	1.6	1.8	3.0	4.2	3.8	3.0	3.7	2.3	4.1	2.6	2.6	1.3	2.6	2.5	2.9	3.4	1.6	2.4	3.0	1.7	3.9	2.4	3.3	3.4	3.1	4.6
28	2.7	2.2	3.2	2.4	3.4	2.5	3.5	1.6	2.6	4.2	3.9	2.2	1.9	4.3	2.6	3.3	2.5	2.2	3.9	2.5	2.4	3.5	3.0	2.9	2.2	2.5	4.2	3.1	2.6	3.2	2.8	1.7	3.2	3.5	2.7	2.5	1.3	3.0	3.4	3.3	1.7	1.2	2.5	2.3	3.0	3.6	2.9	3.4	3.3	3.6	1.5	2.4	2.1	4.3	2.1	3.4	4.0	2.6	3.8	2.1	3.4	3.0	3.2	3.4	2.6	2.4	3.7	4.2	3.4	2.3	3.5	2.8	3.8	3.2	1.2	1.5	1.9	2.6	3.4	2.6	3.0	2.4	2.6	2.1	4.1	4.7	3.9	4.9	4.0	3.5	1.7	3.9	3.1	1.6	3.3	2.3	2.8	2.4	2.8	2.5
29	2.2	2.2	2.6	2.8	2.7	2.3	3.5	1.7	2.1	4.3	3.6	2.3	1.9	3.7	2.7	3.6	2.4	2.6	4.1	3.1	2.4	3.3	3.1	3.6	2.0	2.0	4.1	3.9	2.4	3.1	2.7	1.7	3.4	3.4	2.5	2.5	1.1	2.5	2.6	3.5	1.5	1.2	2.7	2.5	3.5	3.3	3.0	3.1	3.0	3.7	1.9	2.2	2.4	4.1	2.1	3.5	2.7	2.8	4.1	1.7	3.1	2.8	3.0	3.9	2.3	2.4	4.1	4.1	3.7	2.2	3.5	2.8	4.5	3.2	1.6	1.4	1.9	2.1	3.6	2.5	2.7	2.5	3.3	2.6	4.7	4.6	3.9	4.7	3.9	3.5	1.9	3.9	3.1	1.5	3.0	2.7	3.1	2.7	2.7	2.2
30	2.2	2.7	2.6	2.3	3.0	2.8	3.1	1.4	2.4	4.2	3.0	2.4	2.8	3.1	2.8	3.3	1.6	2.0	3.2	2.4	2.0	3.4	3.8	3.2	2.3	2.5	4.1	3.0	2.6	3.2	3.2	2.2	3.4	3.6	2.8	2.0	1.9	2.5	2.6	3.3	1.3	1.5	3.2	2.1	2.9	3.4	2.7	3.0	2.8	3.3	2.3	2.5	2.6	3.4	2.1	3.6	3.6	2.9	3.4	2.4	3.3	2.8	3.0	3.1	2.4	2.4	3.8	3.4	3.3	2.2	3.4	3.2	3.2	3.3	1.4	1.7	1.8	2.3	3.5	2.5	3.0	2.4	2.3	2.5	3.4	3.7	3.8	4.1	3.4	3.4	2.7	3.8	3.0	1.4	2.4	3.0	2.9	2.1	2.5	2.2
31	2.1	2.4	2.2	3.0	3.8	2.5	2.5	1.6	2.5	4.4	3.3	2.4	2.1	2.5	2.4	2.9	1.5	2.0	2.5	2.1	1.6	3.7	3.7	3.2	2.4	2.0	2.0	2.9	2.2	2.9	2.4	2.4	2.8	2.9	2.5	2.0	2.4	2.3	3.2	2.8	2.0	2.5	2.7	3.1	3.2	3.7	3.1	3.3	3.4	2.7	2.3	2.4	1.7	3.9	2.1	3.9	3.0	2.6	3.5	1.9	2.9	3.2	3.7	2.6	2.4	2.1	2.6	1.4	3.0	2.1	3.8	2.0	1.5	3.2	1.4	2.2	2.5	1.4	2.6	2.6	2.2	2.1	2.3	2.5	3.2	1.5	2.2	1.6	2.3	3.0	2.8	2.1	2.0	2.4	2.6	2.0	3.3	2.1	2.8	2.4
32	3.7	3.5	4.3	4.5	4.0	3.7	3.5	1.5	3.6	4.5	4.1	3.3	2.9	2.6	3.7	3.7	1.3	3.5	3.3	3.7	2.5	4.3	3.2	4.4	3.6	1.6	3.2	2.4	3.8	3.7	2.9	3.5	3.5	3.3	3.1	2.9	3.4	3.9	2.6	3.3	3.7	3.0	2.6	4.0	3.8	3.5	3.0	3.4	3.0	4.2	4.0	3.5	4.1	4.1	2.8	4.0	3.8	3.9	4.6	1.8	4.2	3.2	4.1	3.8	3.3	3.9	3.5	3.4	3.6	4.4	3.3	2.1	1.6	1.9	1.4	3.1	4.2	1.2	3.5	4.3	3.8	2.8	3.4	2.8	3.2	1.6	4.7	2.1	2.1	3.5	4.4	3.1	3.2	3.0	3.5	2.4	2.9	2.8	2.6	3.6
33	4.1	4.1	3.6	2.1	3.9	4.1	4.1	3.5	3.8	4.4	3.6	3.8	4.1	2.9	3.1	3.6	1.9	3.9	3.4	3.1	3.4	4.0	2.8	4.2	3.9	3.7	3.4	4.1	3.5	3.0	3.0	4.2	3.8	3.1	3.6	2.6	4.6	3.6	3.9	3.3	3.5	4.0	3.0	2.2	4.1	3.9	2.9	4.0	3.7	2.9	3.3	3.0	3.7	2.3	2.8	3.8	4.1	3.4	2.5	4.4	3.4	2.9	3.7	3.8	3.6	4.0	2.7	2.5	3.7	3.9	2.3	3.0	1.9	1.8	2.3	4.3	2.9	4.5	2.4	3.5	4.0	4.1	4.2	3.1	3.2	1.8	4.1	2.5	3.9	4.0	3.9	2.9	3.0	4.3	2.2	3.8	2.7	3.5	3.8	1.9
34	3.1	2.0	3.0	4.0	3.8	1.8	3.9	1.3	3.5	4.2	4.0	2.4	2.1	3.2	2.5	3.1	1.7	2.3	3.4	2.7	2.0	3.4	3.3	3.1	3.2	2.6	2.4	2.4	3.2	3.9	2.3	1.6	3.0	2.9	3.2	2.6	1.3	3.4	2.9	3.0	3.0	1.7	4.4	3.9	3.5	3.9	3.2	3.3	2.7	4.1	4.0	2.2	3.1	3.7	2.3	3.6	3.2	3.7	4.4	2.0	2.6	3.3	3.3	3.2	1.9	3.8	2.9	1.6	3.2	2.9	4.2	2.5	1.6	3.4	1.6	1.5	2.4	1.9	3.4	3.2	3.6	2.6	3.6	3.3	2.9	1.9	3.3	2.3	3.7	3.3	2.9	2.4	3.4	1.7	4.3	1.7	2.9	3.2	2.2	3.8
35	4.0	2.2	2.8	4.4	3.9	2.2	2.7	2.0	4.0	4.4	3.6	2.4	2.0	2.9	3.1	3.3	2.3	2.1	3.6	3.0	2.0	3.6	3.3	3.4	3.7	2.2	4.0	2.2	3.7	2.7	2.6	1.8	3.2	3.0	3.0	2.2	1.1	3.2	3.7	3.1	4.6	1.1	2.4	3.9	3.7	3.8	3.1	3.6	3.4	3.5	2.2	2.4	4.0	3.6	2.0	3.1	3.6	3.0	4.1	1.7	2.7	3.7	2.7	3.8	2.1	4.0	3.0	2.2	2.9	4.0	3.7	2.4	3.7	3.6	1.6	1.6	2.9	2.8	3.4	2.4	3.9	2.5	4.0	2.4	3.0	1.8	2.9	2.4	3.9	3.2	2.3	4.2	3.9	1.5	4.0	1.9	2.7	3.8	3.0	4.5
36	3.5	2.8	2.4	3.4	3.2	3.5	4.0	1.8	3.9	1.8	3.7	2.9	2.7	2.6	3.0	3.0	2.7	2.4	3.2	2.5	2.1	3.4	2.9	3.7	3.6	2.3	2.3	3.4	3.4	3.1	2.4	2.5	3.2	2.3	3.1	2.1	2.5	3.8	2.3	2.4	3.8	2.3	4.1	3.3	3.0	3.3	3.1	3.5	3.9	3.4	2.6	2.7	3.7	3.2	2.2	2.9	3.5	3.5	2.5	2.3	2.6	3.1	3.3	3.1	1.9	3.7	2.4	1.4	3.3	4.0	3.6	2.4	1.5	3.1	1.6	2.2	2.4	3.0	3.1	3.1	3.4	2.8	3.5	2.4	3.1	1.5	3.0	1.9	3.3	3.0	2.5	2.6	2.6	2.0	3.6	2.3	2.8	3.6	3.3	2.6
37	3.9	2.6	3.0	4.3	3.7	4.3	3.6	2.1	3.8	4.3	3.7	2.4	2.2	2.7	3.6	3.7	4.5	2.9	4.0	3.2	2.2	4.3	3.3	4.1	4.0	2.5	3.4	4.7	3.5	2.8	3.0	1.7	3.6	2.7	3.0	2.7	1.4	4.2	2.8	3.4	4.1	1.5	2.4	4.2	3.9	4.3	3.3	3.5	4.2	3.9	2.0	2.9	4.4	4.3	2.2	3.4	3.8	3.2	4.6	1.9	3.9	3.9	3.5	3.8	2.3	4.1	2.9	3.5	3.6	4.6	4.6	3.8	2.3	2.2	1.5	1.7	2.7	4.6	3.8	3.1	3.8	2.6	3.8	2.8	3.2	1.7	4.4	2.6	3.6	3.3	2.5	3.1	3.5	1.8	4.3	1.9	3.3	3.9	3.6	4.7
38	3.9	3.6	3.1	3.5	3.0	3.9	3.3	3.0	3.2	4.5	3.4	2.9	3.5	2.4	2.9	2.9	3.2	3.6	3.1	2.4	2.1	3.2	2.8	3.4	3.5	1.9	2.7	3.9	3.4	2.6	2.8	3.4	3.0	2.6	3.4	2.0	3.6	3.7	3.3	3.0	3.9	3.5	2.9	3.9	3.0	3.6	3.2	3.2	3.7	2.6	2.8	3.1	4.1	2.8	2.5	3.1	3.3	3.3	2.9	2.5	3.0	3.4	3.5	3.2	2.7	3.8	2.5	1.6	3.3	4.2	3.2	2.8	1.4	1.8	1.3	3.3	2.6	4.7	3.3	3.0	3.6	3.7	4.1	2.4	2.8	1.7	3.7	1.8	3.2	3.7	3.2	2.4	3.2	3.4	3.1	2.6	2.9	3.6	4.2	2.5
39	3.6	3.6	4.5	4.3	3.5	4.2	3.2	2.0	3.1	4.6	4.4	3.3	2.9	2.7	3.1	3.6	1.2	3.9	3.6	3.8	2.0	4.2	3.1	4.4	3.4	2.0	2.9	2.5	3.2	4.3	2.9	3.7	3.6	3.1	3.6	2.4	3.4	3.9	2.8	4.2	3.7	3.0	2.5	4.1	3.9	4.1	3.6	3.3	2.7	4.3	4.1	3.1	4.0	4.0	2.8	3.7	3.3	4.1	4.4	1.9	4.2	3.5	4.0	3.8	3.3	3.6	2.4	3.6	3.8	4.7	3.1	2.3	1.5	1.9	1.4	3.0	3.9	1.4	3.5	4.1	3.3	2.9	3.7	3.4	3.3	1.4	4.7	2.8	2.2	4.0	4.4	2.8	3.1	2.8	3.6	2.4	2.8	3.1	2.3	3.2
40	3.7	2.3	3.1	4.0	3.9	2.7	2.9	1.2	3.2	4.4	3.3	2.5	2.2	2.7	3.3	3.4	2.6	2.7	3.2	2.7	2.6	3.6	2.6	3.9	2.9	2.7	2.7	2.4	3.3	2.7	2.7	1.6	2.9	2.7	4.0	2.4	1.3	3.7	3.7	3.2	3.1	1.3	2.2	3.8	3.5	3.5	2.8	3.4	3.3	4.1	2.7	2.9	3.3	4.2	2.5	3.5	3.4	3.1	4.2	2.2	3.4	3.9	3.5	3.9	2.2	3.8	2.9	1.7	3.2	3.7	4.1	2.9	1.3	1.9	1.4	1.5	3.0	3.2	3.9	2.5	3.9	2.5	3.3	3.0	3.2	1.6	3.6	2.1	2.8	3.0	2.5	2.5	3.1	2.0	3.5	2.4	2.9	3.2	3.3	4.7
41	2.1	2.1	2.5	2.4	3.0	2.4	3.2	1.2	2.1	4.2	3.8	2.3	1.7	3.7	3.6	3.4	1.8	1.8	3.6	2.9	2.7	3.2	2.8	3.7	2.2	1.5	4.0	2.9	2.3	3.9	2.9	1.9	3.3	3.6	2.4	2.8	1.1	2.5	2.5	3.6	1.4	1.3	2.4	2.3	3.5	3.1	3.1	3.2	2.9	3.9	2.3	2.4	2.4	3.7	2.0	3.8	3.4	3.1	4.1	2.1	3.3	3.1	3.6	3.7	2.4	2.5	4.4	4.0	3.7	1.9	3.4	2.6	3.6	3.4	1.4	1.5	1.8	1.3	3.6	2.8	3.0	2.2	2.9	2.4	3.6	3.6	4.1	4.7	4.4	3.2	2.0	3.9	3.1	1.6	3.2	3.4	2.7	2.2	1.9	2.2
42	4.2	2.2	2.8	4.2	3.1	3.4	3.1	1.8	3.4	3.8	3.5	2.5	2.6	2.5	3.3	2.9	4.8	2.1	3.7	2.2	1.7	2.9	2.9	3.6	3.6	2.0	2.5	4.2	3.8	2.3	2.6	2.0	2.5	2.3	3.7	2.9	1.6	3.4	2.5	3.0	4.1	2.1	2.9	3.9	2.9	3.5	3.0	3.4	4.0	3.3	2.0	2.5	4.3	3.8	2.5	3.7	3.5	2.8	4.2	2.0	2.4	3.4	3.0	3.4	2.0	3.8	2.6	1.6	3.1	4.1	4.2	2.4	1.7	3.2	1.5	2.1	2.2	4.0	3.4	2.4	3.6	2.4	3.6	2.3	2.8	1.8	3.0	2.2	3.6	3.2	2.3	2.0	3.1	2.1	3.8	1.8	3.0	3.7	3.2	4.5
43	3.6	4.4	4.5	1.7	3.5	3.9	3.3	3.3	3.7	4.6	4.1	3.8	4.3	3.1	3.0	3.9	1.8	4.1	3.8	3.3	2.6	4.0	3.5	3.7	3.7	2.5	2.9	4.4	2.9	2.6	2.9	4.5	3.7	3.6	2.5	2.6	4.9	3.9	3.4	3.3	3.6	4.6	3.0	2.2	4.1	3.5	3.0	3.4	3.8	2.6	3.5	3.5	3.4	2.3	3.0	4.0	4.0	3.9	1.7	4.3	3.6	2.7	4.2	3.8	4.1	4.1	3.0	1.6	3.4	3.6	2.2	2.9	1.4	1.8	2.2	4.6	3.2	4.6	2.2	4.0	3.4	3.9	3.2	3.1	3.3	2.0	4.3	2.7	3.2	4.2	4.5	2.5	2.9	4.7	2.0	3.5	2.7	3.3	4.0	1.5
44	3.5	2.5	2.4	3.2	3.6	3.7	3.3	1.8	2.7	4.4	3.2	2.5	2.9	2.6	3.4	4.1	2.7	2.6	3.5	3.5	4.1	3.9	2.9	3.3	2.9	3.7	3.4	4.1	2.8	2.2	2.8	2.0	3.5	3.2	2.2	2.3	1.3	2.8	2.5	3.2	2.4	1.5	2.3	2.5	3.5	3.8	2.9	3.4	3.6	3.8	2.6	2.3	2.5	3.8	3.7	3.3	3.0	2.9	4.3	1.9	3.1	3.0	3.2	3.7	2.2	3.3	2.9	2.7	3.1	3.1	3.2	3.8	1.7	2.0	4.5	1.6	2.7	3.9	3.2	2.7	3.5	2.4	3.6	3.0	3.0	1.8	3.8	2.3	3.2	3.4	2.4	3.0	3.1	1.7	3.8	2.9	2.7	2.3	3.6	2.7
45	3.7	3.5	4.1	4.0	4.0	3.4	3.5	2.1	3.4	4.4	4.5	3.4	2.9	3.0	3.7	3.7	1.4	3.6	4.1	3.2	2.3	4.4	2.6	4.8	3.5	2.7	3.2	2.5	3.3	3.9	2.9	3.6	3.6	3.3	3.8	2.6	3.4	4.5	3.3	3.8	3.7	3.1	2.7	4.0	4.0	4.3	2.7	3.4	3.2	4.1	3.5	3.0	3.8	3.9	2.7	3.9	3.4	3.7	4.0	1.9	4.1	3.2	3.5	4.0	3.5	3.9	3.1	3.6	3.7	4.2	3.2	2.3	1.6	2.0	1.6	3.0	3.6	1.3	3.0	4.0	3.5	2.8	3.7	3.1	3.5	1.7	4.4	2.7	2.3	4.2	4.1	2.9	3.5	2.9	3.5	2.8	2.9	3.1	2.2	3.7
46	3.5	4.5	4.2	1.6	4.0	4.1	3.6	4.0	3.7	4.4	3.8	4.1	4.2	2.8	3.6	3.8	1.9	4.4	3.4	3.0	2.9	4.0	3.6	3.8	3.4	2.1	2.8	4.2	3.2	2.8	3.0	4.6	3.7	3.3	2.7	2.5	4.8	3.7	3.3	3.4	4.0	4.6	3.2	2.6	4.5	3.8	3.4	3.2	4.0	2.5	3.6	3.1	3.4	2.2	2.5	4.2	4.0	4.0	1.5	4.3	3.6	2.8	4.0	3.7	3.8	4.0	3.2	1.5	4.1	3.8	2.4	2.4	1.8	1.8	1.8	4.6	3.3	4.4	2.5	4.3	3.6	4.2	3.6	2.9	3.6	1.8	4.1	2.5	3.5	3.7	4.2	2.8	3.3	4.6	2.3	3.3	2.6	3.2	4.0	1.5
47	3.4	3.8	3.3	2.1	3.2	3.6	3.5	2.7	3.0	4.4	3.8	3.2	4.0	2.9	3.3	3.2	2.5	3.6	3.3	2.6	4.4	3.6	3.3	4.0	2.7	2.6	2.2	3.9	3.4	2.6	2.2	4.0	4.0	3.6	2.7	2.4	3.7	2.8	2.9	3.2	3.2	3.4	2.6	2.2	3.9	3.6	2.9	3.6	3.8	2.6	3.2	3.0	3.2	2.4	3.1	3.8	3.5	3.0	2.5	3.1	3.1	2.8	3.8	3.6	2.8	3.0	3.4	1.8	3.4	3.2	2.4	2.9	1.2	1.8	1.9	3.0	2.6	3.7	2.8	3.4	3.6	3.8	3.1	3.0	3.5	2.0	3.8	3.0	3.6	4.0	2.9	2.7	3.0	3.8	3.0	3.0	2.5	3.0	3.7	2.5
48	4.0	2.6	3.2	4.3	3.3	4.0	3.3	1.8	2.9	4.7	3.2	2.4	2.9	2.6	3.0	3.6	4.4	2.7	4.0	3.9	3.1	4.2	3.4	3.1	2.9	2.3	4.3	4.2	3.2	3.0	3.0	1.8	3.1	3.2	3.1	2.6	1.4	4.0	3.0	3.4	3.5	1.5	2.6	3.3	4.1	3.9	3.7	3.6	3.7	4.2	2.5	2.6	3.8	4.4	4.4	3.9	2.9	2.8	4.4	1.6	4.1	3.7	3.7	3.3	1.8	4.0	2.9	4.3	3.7	3.8	4.3	3.8	1.9	2.8	3.6	1.5	3.0	5.0	3.9	2.8	3.2	2.4	3.1	2.9	3.3	1.5	4.2	2.5	3.6	3.6	3.1	4.2	2.8	1.8	4.3	1.9	3.0	3.2	3.8	4.2
49	3.4	4.4	4.5	1.6	4.0	4.3	3.5	3.0	3.3	4.5	4.2	4.0	4.3	3.0	3.8	4.4	1.9	4.2	3.4	3.0	3.5	3.9	3.1	4.2	3.8	2.3	3.1	4.0	3.2	2.6	3.2	4.6	4.3	3.5	3.0	2.2	4.9	4.3	3.5	3.0	3.3	4.9	3.1	2.3	4.1	4.1	3.1	3.2	3.8	2.4	3.5	3.5	3.1	2.2	3.0	3.9	3.8	3.4	2.2	3.9	3.8	2.7	3.9	3.8	3.9	4.2	3.1	1.4	3.8	3.8	2.8	2.5	1.6	1.7	2.2	4.5	2.9	4.4	2.0	4.1	3.4	4.2	3.7	2.8	3.6	1.7	4.6	2.8	3.5	3.4	4.1	2.6	3.1	4.8	1.9	3.6	2.6	3.1	4.0	1.5
50	4.2	2.2	2.4	4.4	4.1	2.4	3.4	2.1	3.6	4.5	3.5	2.4	2.1	3.1	3.7	3.1	2.3	2.5	4.2	2.8	2.1	3.7	3.3	3.4	3.7	2.2	2.6	2.2	3.1	3.6	2.3	1.9	3.2	3.2	3.2	2.2	1.2	3.8	3.8	2.9	4.4	1.2	2.9	3.9	3.5	3.6	3.3	3.4	3.2	3.9	3.3	2.9	4.5	4.1	2.6	3.9	3.5	3.5	4.4	1.5	3.1	3.8	3.2	4.2	2.0	3.8	3.0	1.5	3.4	3.7	3.9	2.8	2.3	2.9	1.6	1.3	3.1	2.5	3.7	2.8	4.0	2.5	4.1	2.9	3.3	1.9	3.4	2.2	3.9	3.3	2.0	2.4	3.5	1.6	4.5	2.1	3.1	4.2	3.2	4.6
51	3.7	2.5	3.0	4.5	4.1	4.3	3.7	1.6	4.1	4.2	4.1	2.4	2.3	2.7	4.0	4.0	4.5	2.5	4.4	3.3	2.4	4.1	3.0	3.5	3.9	2.1	4.5	4.3	3.6	2.6	2.4	1.9	3.6	3.1	3.4	2.4	1.2	4.0	3.1	3.7	4.4	1.9	2.2	4.1	3.7	3.8	3.2	3.7	3.9	4.1	2.4	3.0	3.7	4.4	2.1	3.5	3.5	3.2	4.5	1.5	3.7	3.6	3.1	3.9	2.5	4.4	3.1	4.4	4.0	4.5	4.0	4.1	3.0	2.8	1.6	1.8	2.5	4.7	3.7	2.6	3.9	2.3	3.5	3.0	3.4	1.7	4.4	2.5	3.1	3.4	2.3	3.8	3.7	1.9	4.0	2.4	2.9	4.0	3.5	4.6
52	2.3	2.1	1.8	3.8	3.3	4.1	2.1	1.5	1.7	4.1	3.6	2.3	1.6	2.9	2.5	2.4	4.3	2.2	1.9	2.5	1.7	3.1	3.4	3.4	3.3	1.7	2.1	4.1	2.8	1.5	3.0	1.7	2.7	1.9	3.2	2.9	1.3	3.1	2.9	2.2	2.8	1.3	2.2	3.6	3.0	3.0	3.2	2.8	3.6	2.9	1.9	2.1	2.7	4.1	1.6	3.3	3.1	2.5	4.1	2.1	2.8	3.8	3.4	2.2	2.0	3.2	1.9	1.5	3.3	3.9	3.6	2.9	1.2	3.1	1.5	1.5	2.0	4.3	3.0	2.7	2.2	2.4	2.7	1.7	2.0	1.4	2.0	2.0	1.9	2.6	1.8	2.1	2.1	1.5	3.1	2.0	3.4	2.2	3.2	4.3
53	3.4	4.2	3.9	2.0	3.9	3.4	3.6	2.8	3.1	4.3	4.0	3.9	4.1	2.4	3.0	3.5	2.2	3.9	3.7	3.3	2.2	4.0	3.7	3.6	2.9	2.1	2.8	3.8	3.8	2.9	2.7	4.3	3.1	3.1	2.5	2.5	4.6	3.8	3.0	3.6	3.2	4.5	3.2	3.0	4.3	4.0	3.6	3.3	3.2	2.8	3.3	3.5	3.0	2.1	2.3	3.9	3.4	3.7	1.9	3.8	3.0	2.5	3.8	3.5	2.7	4.0	2.9	2.5	3.3	4.1	3.0	2.9	1.4	1.8	1.8	4.6	3.4	3.5	2.3	3.9	3.1	3.8	3.6	3.1	2.9	2.0	4.1	2.6	3.1	3.7	4.2	2.2	2.5	4.3	2.0	2.4	2.9	3.4	3.9	1.5
54	2.6	2.5	2.9	3.7	4.5	2.4	4.1	1.3	2.8	2.1	3.7	2.4	2.3	2.9	3.0	3.6	1.6	2.6	3.6	2.6	2.0	3.3	2.7	3.0	2.7	3.7	2.7	2.3	3.3	3.3	3.3	2.0	2.5	3.4	3.0	2.5	1.7	2.9	3.7	3.8	2.4	1.9	4.2	4.1	3.6	3.7	3.1	3.4	3.0	3.9	4.2	2.3	3.1	3.4	2.4	3.7	3.3	3.8	4.3	2.0	2.9	3.0	3.6	3.2	1.8	2.9	2.8	1.6	3.5	3.1	4.0	2.0	1.5	2.6	1.5	2.0	1.9	1.8	3.3	3.3	2.9	2.3	3.4	2.8	3.9	2.5	2.8	2.3	3.3	3.4	2.5	2.5	3.3	2.1	3.5	2.6	3.0	2.7	2.5	3.5
55	2.4	2.1	2.1	3.9	3.5	4.0	2.3	1.6	1.8	4.2	3.1	2.3	1.7	2.9	2.1	3.0	4.0	2.2	2.1	2.0	1.9	3.3	2.8	2.8	3.0	1.6	1.9	4.3	3.0	1.9	3.1	1.8	2.8	2.3	3.0	2.7	1.2	3.4	2.9	2.5	2.2	1.2	2.1	3.8	3.5	3.2	3.0	2.7	3.6	3.0	2.0	2.2	2.2	3.9	2.3	3.4	3.0	3.2	4.0	1.3	2.4	3.6	3.2	2.5	1.8	2.7	2.2	1.5	2.8	3.4	3.6	2.9	1.2	2.9	1.2	1.5	2.1	4.3	2.9	2.6	2.4	2.5	3.0	2.1	2.4	1.5	2.0	1.5	2.1	2.4	1.8	2.1	2.0	1.5	3.1	2.2	3.4	2.4	3.2	4.3
56	3.4	2.1	2.6	4.4	3.6	2.3	3.7	1.7	4.4	4.5	3.7	2.4	2.3	2.9	3.3	3.7	2.3	2.9	4.1	2.6	1.7	3.7	3.3	3.6	3.7	2.4	2.8	2.8	3.4	3.1	3.0	1.7	3.2	2.9	3.5	2.6	1.1	3.9	2.9	3.1	4.2	1.2	3.2	4.0	3.6	3.3	3.4	3.3	3.1	4.1	3.4	2.8	4.3	4.1	2.3	3.8	3.5	3.1	4.4	1.7	3.2	3.6	3.4	3.7	2.1	4.1	3.0	1.9	3.2	3.9	4.2	2.8	1.6	3.4	1.6	1.7	2.9	2.8	3.9	3.4	3.8	2.5	4.0	3.7	3.3	1.8	3.3	2.6	3.9	3.2	2.3	2.6	3.8	1.6	4.4	2.3	3.6	4.0	3.2	4.5
57	3.8	3.3	3.4	4.3	4.0	2.6	4.1	1.9	3.1	4.5	4.0	2.9	2.7	3.2	3.8	3.6	1.8	3.0	3.3	3.7	2.2	4.5	2.7	4.4	3.6	3.7	3.2	2.0	3.3	4.4	3.1	3.6	3.5	3.2	3.5	2.6	2.8	3.7	2.5	3.6	4.0	2.9	3.0	4.0	3.6	3.5	3.6	3.3	2.4	4.2	4.2	3.0	3.5	4.0	2.9	4.0	3.3	3.5	4.0	2.1	3.5	3.2	3.9	3.6	3.1	3.9	3.0	3.0	3.7	3.8	2.9	2.1	1.3	3.3	1.2	2.6	3.1	1.3	3.3	3.8	3.6	2.8	3.9	3.1	2.8	1.8	4.2	2.3	2.7	3.7	3.7	2.5	2.9	2.0	3.3	2.2	3.2	3.2	2.3	3.8
58	3.7	4.4	4.4	1.8	3.7	4.0	3.7	2.8	3.7	4.4	4.4	4.0	4.2	2.8	2.8	3.8	1.9	4.3	3.9	3.1	2.3	4.0	3.0	3.6	3.7	2.2	2.9	4.4	3.0	2.5	2.9	4.4	3.9	3.1	2.8	2.6	4.8	4.4	3.0	3.4	3.5	4.5	3.1	2.4	3.7	4.1	3.1	3.7	3.6	2.6	4.1	3.5	3.7	2.3	3.0	4.3	3.8	3.7	1.5	3.9	3.9	2.7	3.5	3.8	3.6	4.0	2.9	1.7	4.0	3.9	2.7	2.5	1.4	1.7	1.7	4.4	3.2	4.6	2.1	4.3	3.4	4.1	3.4	2.8	3.6	1.9	4.4	2.6	3.2	3.6	4.4	2.7	3.0	4.4	2.2	3.6	2.9	3.4	3.9	1.5
59	3.8	3.9	3.3	3.0	3.7	2.3	3.7	2.2	3.5	4.6	3.9	3.8	3.9	2.8	3.6	3.5	1.9	3.6	3.8	3.1	2.5	4.1	3.0	3.3	3.2	3.2	4.1	3.2	3.3	3.2	2.4	3.5	4.4	3.3	3.5	2.3	3.8	3.6	3.5	3.5	4.2	4.1	2.3	2.9	3.4	3.9	2.8	3.3	3.4	2.9	3.4	3.5	3.4	3.0	2.4	3.9	3.1	3.6	2.3	2.9	3.5	2.9	3.8	4.1	3.2	3.6	2.5	2.5	3.6	3.8	2.7	2.4	3.6	3.2	1.5	3.9	2.7	3.0	2.4	2.5	3.8	4.2	3.6	2.8	3.1	1.9	3.8	2.6	3.7	3.4	3.7	3.8	3.5	3.7	3.1	2.8	2.9	3.9	3.1	2.4
60	2.4	2.0	2.7	2.4	3.5	2.4	3.3	1.6	2.1	4.1	3.5	2.3	1.9	4.2	2.8	3.4	2.5	2.3	4.2	2.5	2.7	3.6	3.4	3.5	2.3	1.5	3.8	3.3	2.9	2.9	2.9	1.7	3.4	3.5	2.5	2.4	1.1	2.6	3.0	2.4	1.8	1.1	2.5	2.3	3.0	3.3	2.9	3.5	2.8	3.7	1.9	2.4	2.6	4.1	1.8	3.9	3.6	3.2	4.0	1.7	3.3	2.9	3.2	3.5	1.9	2.7	4.0	4.0	3.4	2.3	3.3	3.2	4.5	3.4	1.6	1.5	1.8	2.2	3.0	2.3	2.8	2.1	3.0	2.6	3.9	4.5	3.7	4.9	3.8	3.2	2.3	4.0	3.3	1.5	3.0	2.6	3.1	2.7	2.5	2.3
61	3.7	3.6	4.4	3.9	3.0	4.1	3.5	1.5	3.7	4.6	4.3	3.2	2.9	2.7	3.6	4.2	1.4	3.4	3.7	3.1	2.4	4.5	2.8	4.4	3.6	2.3	3.1	2.6	3.3	4.7	2.3	3.6	3.3	3.4	3.8	2.9	3.4	3.8	2.8	3.4	3.2	3.1	2.7	4.1	3.8	4.0	3.5	3.4	3.0	4.3	3.8	3.7	4.4	4.2	2.4	4.2	3.8	3.7	4.2	2.1	4.1	3.3	4.0	3.7	3.3	3.6	2.2	3.5	3.7	4.7	3.4	1.9	1.8	1.9	1.3	2.8	4.1	1.3	3.2	4.3	3.1	2.7	3.3	2.8	3.8	1.8	4.8	2.5	2.6	3.7	4.2	2.8	3.2	2.6	3.5	2.5	2.7	3.4	2.1	3.6
62	3.4	4.1	3.7	2.0	4.2	3.2	3.8	2.5	3.3	4.5	3.6	3.9	3.8	2.9	3.0	3.7	1.9	3.9	3.7	3.2	3.2	3.9	3.3	3.6	3.3	4.5	3.1	2.0	3.1	3.6	2.8	4.1	3.9	2.7	3.3	2.2	4.3	2.7	3.0	3.6	3.5	4.0	3.0	2.7	3.6	3.5	2.9	3.3	3.2	3.1	3.4	3.3	3.0	2.7	2.6	4.0	3.9	3.2	2.1	4.4	3.3	2.9	3.9	3.7	3.5	4.0	2.8	1.9	3.6	3.2	3.5	2.7	1.4	1.7	2.4	3.9	2.8	2.9	2.9	3.2	3.3	3.8	3.4	2.8	3.4	1.7	4.0	2.6	3.1	3.4	4.0	2.5	3.0	4.1	2.4	2.8	3.1	3.3	3.5	2.5
63	4.0	4.5	4.4	1.8	3.8	4.2	3.4	3.3	3.4	4.5	4.0	3.8	4.0	2.9	3.7	3.6	2.0	4.2	4.1	3.1	4.1	3.9	3.5	3.6	3.7	2.4	2.9	4.0	3.1	3.0	3.1	4.6	4.1	3.1	3.4	2.1	4.9	3.8	3.5	3.8	3.9	4.4	3.1	2.3	4.0	4.0	3.2	3.5	3.7	2.2	3.8	3.6	3.0	2.2	2.8	3.9	4.1	3.6	1.5	4.1	4.0	2.6	4.2	3.9	3.5	3.9	3.1	1.4	3.9	3.9	2.1	2.5	1.9	1.8	2.1	4.5	3.2	4.5	2.5	3.8	3.5	4.0	3.6	2.7	3.5	2.1	4.2	2.9	3.0	3.6	4.4	2.4	3.1	4.5	2.0	4.0	2.9	3.3	4.0	1.5
64	3.6	2.0	2.6	4.4	4.0	2.2	3.1	1.7	3.8	4.3	3.4	2.3	2.2	3.1	3.6	3.3	2.4	2.6	3.5	2.8	1.7	3.5	2.9	3.7	3.5	2.1	2.6	3.1	2.9	3.2	2.8	1.9	3.3	2.4	3.4	2.3	1.2	3.9	2.9	3.5	4.3	1.2	2.8	4.2	3.0	3.3	2.9	3.5	3.9	3.7	2.6	3.1	3.8	4.2	2.3	3.6	3.4	3.3	4.4	2.0	3.0	3.8	3.5	3.0	2.1	3.7	2.9	1.7	3.6	4.0	4.2	2.9	1.7	2.7	1.6	1.7	2.6	2.9	3.9	2.8	3.8	2.7	3.1	2.4	3.3	1.7	3.2	2.2	3.8	3.5	1.7	2.4	3.4	1.6	4.0	2.2	3.9	3.6	2.8	4.5
65	3.5	4.5	3.8	1.8	4.0	4.0	3.5	3.6	3.5	4.5	4.0	4.0	4.2	2.8	3.5	3.9	1.7	4.2	3.7	3.1	3.7	4.1	3.4	3.8	3.4	2.2	3.0	3.9	3.0	2.1	3.0	4.1	3.8	3.9	2.3	2.4	4.8	4.4	3.2	3.2	3.9	4.7	3.1	2.2	3.6	4.0	2.4	3.5	4.3	2.4	3.8	3.3	3.8	2.2	2.6	4.1	3.9	3.8	1.6	4.6	3.4	2.7	3.9	3.6	4.1	4.2	2.8	1.7	3.8	3.8	2.3	2.4	1.5	1.7	2.2	4.4	3.1	4.4	2.0	4.1	3.5	4.1	3.8	2.9	3.8	1.8	4.3	2.8	3.1	3.8	4.4	2.6	2.7	4.7	2.1	3.2	3.0	3.0	4.1	1.5
66	3.4	4.5	3.9	1.7	3.6	2.6	3.5	4.0	2.7	4.4	4.1	3.6	4.3	2.8	3.5	3.6	1.5	4.0	2.9	3.1	4.5	4.2	3.0	3.3	2.9	3.2	4.1	2.7	3.3	2.7	2.8	4.4	4.1	3.6	3.0	2.4	4.8	3.6	3.0	3.2	2.6	4.8	3.1	2.2	3.7	3.9	3.0	3.7	3.4	2.7	3.1	2.8	3.2	2.5	3.1	4.3	3.8	3.9	1.8	4.1	3.7	2.8	3.8	3.8	4.5	3.0	3.0	2.5	3.5	3.2	2.6	2.7	4.1	3.6	3.1	4.7	2.9	3.4	2.2	3.7	3.8	3.9	3.5	3.0	3.1	1.9	4.4	3.0	3.3	3.7	4.3	4.2	2.6	4.6	2.2	3.7	3.1	2.6	3.4	1.7
67	3.4	2.2	2.6	3.7	3.7	2.3	3.7	1.6	3.8	2.0	3.9	2.5	2.5	3.0	3.4	3.6	2.5	2.6	3.9	2.6	1.9	3.9	3.0	3.2	3.9	4.2	3.1	2.8	3.7	3.7	2.2	1.6	2.8	2.9	3.4	2.4	1.8	3.4	3.0	3.3	4.3	1.7	4.0	3.9	3.8	3.8	3.1	3.5	3.1	3.9	3.2	2.6	3.6	3.5	2.3	4.3	3.3	3.3	4.2	2.2	2.8	3.5	3.4	3.3	2.0	3.8	3.5	1.7	3.4	4.1	4.3	2.6	1.6	3.6	1.5	1.9	2.8	2.6	3.9	3.5	3.7	3.0	3.8	3.6	3.3	2.0	3.2	2.5	4.0	3.5	2.1	2.3	3.6	2.1	4.2	2.5	3.2	3.7	3.1	4.0
68	3.6	4.3	4.3	1.7	3.6	3.8	3.5	3.8	3.4	4.5	4.0	4.1	4.0	2.8	2.8	3.6	2.0	4.1	3.9	2.9	4.3	4.1	3.1	3.7	3.8	2.3	2.9	4.1	3.2	2.7	2.7	4.3	3.2	3.3	3.2	2.5	4.8	3.6	2.9	3.9	3.1	4.7	3.1	2.4	3.4	4.1	2.5	3.6	3.6	2.4	3.4	3.0	3.6	2.1	2.6	3.4	3.3	3.3	2.1	4.4	3.5	2.7	4.1	3.4	4.0	3.9	2.9	1.6	3.8	3.5	2.5	3.0	1.8	1.9	2.8	4.7	3.1	4.5	2.3	3.7	3.0	4.0	3.6	3.4	3.8	1.8	4.3	2.4	3.2	3.3	4.1	2.7	3.2	4.5	2.0	3.2	3.0	2.7	4.3	1.5
69	2.0	4.0	3.2	2.5	3.4	2.1	3.3	2.7	2.3	4.2	3.7	3.1	3.7	3.3	2.7	3.1	1.4	3.1	3.3	3.4	2.3	4.2	2.8	3.2	2.0	3.8	2.8	2.2	2.7	3.3	2.5	3.8	3.8	3.0	2.2	2.6	4.0	2.8	2.7	3.5	1.8	4.1	3.5	3.6	3.2	3.5	3.5	3.1	2.7	3.2	4.0	2.5	1.9	2.7	3.2	4.3	3.4	3.6	4.0	2.5	3.9	2.7	4.1	2.6	3.1	2.5	2.7	2.5	3.7	1.8	2.6	2.3	1.6	2.4	1.6	3.6	2.1	1.5	2.3	4.0	2.2	3.2	2.6	3.8	3.3	1.9	3.6	2.3	2.6	3.7	3.8	3.6	1.9	3.7	2.8	2.8	3.2	2.1	2.5	2.2
70	4.2	2.2	3.2	4.0	4.0	2.5	3.9	1.7	3.9	1.8	3.1	2.4	2.0	2.9	3.2	3.4	2.1	2.7	3.3	2.8	1.7	3.5	3.4	3.5	3.5	3.2	3.7	3.0	3.5	3.1	2.2	1.8	3.2	2.8	3.3	2.3	1.3	2.8	3.4	3.2	3.9	1.2	3.8	4.0	3.4	3.7	3.2	3.6	3.3	3.9	3.3	2.8	3.7	4.0	2.5	3.1	3.3	3.0	4.1	2.2	3.0	3.8	3.5	3.1	1.5	4.0	3.2	2.2	3.4	3.9	3.9	2.5	3.6	4.0	1.5	1.6	3.2	2.7	3.6	2.7	3.2	2.6	3.3	2.8	3.4	2.2	3.3	2.3	3.9	3.1	2.1	3.9	3.8	1.7	4.3	1.6	3.5	3.7	3.4	3.9
71	3.6	2.2	2.9	4.4	3.9	2.2	3.4	1.6	4.5	4.1	3.9	2.3	2.0	3.2	3.9	3.4	2.1	2.5	3.6	3.1	2.1	3.6	3.1	3.5	3.8	3.0	4.0	2.6	3.5	3.3	2.5	1.9	3.3	3.6	3.7	2.5	1.2	3.7	3.3	3.1	4.3	1.2	2.6	4.2	3.1	2.9	2.9	4.0	3.1	4.0	3.2	2.7	4.1	4.1	2.3	4.2	3.4	3.3	4.5	2.1	3.0	3.7	3.4	3.8	2.0	3.6	3.2	2.1	3.2	4.0	4.4	3.0	3.7	4.1	1.6	1.5	3.1	2.6	3.8	2.2	3.6	2.5	3.6	2.5	3.6	1.7	3.3	2.2	3.8	3.1	2.2	4.2	3.7	1.5	4.4	2.1	3.2	3.7	3.1	4.5
72	3.2	1.9	2.1	3.9	3.0	2.4	2.3	2.1	2.4	4.2	2.6	2.3	1.8	2.6	2.4	2.9	1.9	1.8	2.2	2.2	2.0	3.4	2.3	2.8	2.8	3.4	3.8	2.9	3.1	2.8	2.6	1.6	3.5	2.4	2.9	2.9	1.1	2.8	3.7	2.6	1.9	1.3	2.4	3.5	3.0	2.9	3.1	2.8	2.9	3.3	2.1	1.9	3.2	3.9	2.1	3.6	2.9	2.9	4.5	1.8	3.1	3.5	3.0	2.5	1.8	2.7	2.1	2.5	3.1	3.5	3.7	2.6	3.8	3.3	1.3	1.5	2.1	2.4	3.2	2.1	3.1	2.6	2.7	2.2	2.7	1.4	3.0	1.6	3.2	3.1	1.7	3.5	2.6	1.5	2.8	1.9	3.2	2.7	3.2	4.7
73	3.9	2.0	2.5	4.1	4.3	2.8	3.6	1.6	3.4	2.1	3.4	2.4	2.1	2.9	2.5	3.3	3.1	2.2	3.3	2.6	1.8	3.6	2.8	3.2	3.3	2.8	3.3	3.7	3.7	3.4	2.6	1.8	3.2	2.3	3.0	2.3	1.1	3.4	3.0	3.7	3.9	1.2	3.1	4.0	4.1	3.6	2.9	4.1	3.2	4.0	3.2	2.4	3.7	4.0	2.3	3.2	3.3	2.9	4.5	2.0	2.7	3.7	2.8	3.4	2.1	3.6	2.8	1.8	3.2	3.8	4.1	2.6	3.4	3.8	1.5	1.5	2.8	2.9	3.9	3.1	3.4	2.3	3.9	2.7	3.7	2.0	2.9	2.2	3.5	3.7	1.7	2.6	3.3	1.6	3.8	2.4	3.3	3.9	3.5	4.5
74	3.6	4.1	3.1	2.6	3.9	3.9	3.8	2.4	3.3	4.5	3.1	3.8	3.9	2.5	3.4	4.0	1.8	3.7	3.6	4.2	4.2	3.9	3.4	3.9	2.5	4.2	3.9	4.4	3.0	2.5	2.6	3.8	3.7	3.8	2.8	2.3	4.2	3.6	2.8	3.3	3.7	4.1	3.0	2.3	4.0	4.3	3.1	3.7	4.2	2.9	3.1	3.1	3.6	2.4	3.5	4.0	4.1	3.9	2.5	4.1	3.3	3.0	3.8	3.8	3.8	3.9	3.4	4.1	3.6	3.6	3.1	3.6	1.8	2.7	4.0	3.7	2.5	4.6	2.4	3.8	3.5	3.8	3.5	3.5	3.7	1.9	4.5	2.6	4.0	4.2	3.3	3.7	3.6	4.2	3.1	4.0	2.5	2.8	4.0	2.1
75	2.8	2.5	2.8	3.2	4.1	3.5	3.1	1.8	3.1	4.5	2.5	2.3	2.3	2.6	2.9	3.7	2.6	2.0	3.3	3.2	4.0	3.8	2.9	3.9	2.9	3.0	3.5	3.5	3.4	3.2	2.7	1.9	2.7	3.5	2.4	2.2	1.3	3.4	3.5	3.3	2.2	1.5	2.5	2.5	3.7	3.6	2.7	3.5	3.3	3.7	2.7	2.2	2.8	3.6	3.6	3.5	3.5	2.8	3.7	2.1	3.4	3.3	3.1	3.8	2.3	3.1	2.6	3.2	3.5	3.1	3.6	2.9	1.5	2.1	4.3	1.5	2.8	3.6	3.4	2.6	3.6	2.4	2.8	2.7	3.2	1.8	4.0	2.6	3.8	3.5	2.6	4.1	2.9	1.8	3.6	3.6	2.9	2.6	3.4	2.6
76	3.8	2.5	2.2	4.3	3.2	3.6	3.5	1.7	3.2	2.9	3.7	2.8	2.4	2.8	3.2	3.1	4.3	2.5	4.1	2.5	1.8	3.1	2.9	4.0	3.7	2.3	2.3	3.8	3.8	2.6	2.6	2.2	2.7	2.6	3.7	2.9	1.4	3.3	2.8	2.4	4.1	1.9	3.3	3.8	3.6	3.5	3.0	3.0	3.6	3.8	2.2	2.9	4.1	3.8	2.2	2.9	3.9	2.7	4.3	1.8	2.9	3.5	3.0	3.4	2.0	3.8	2.3	1.6	3.5	4.2	4.0	2.4	1.4	3.0	1.4	2.1	2.4	3.8	3.5	2.5	3.4	2.5	3.6	2.2	2.7	1.4	2.9	2.3	3.2	2.7	2.2	2.3	3.3	1.8	3.9	2.1	3.0	3.7	3.6	4.3
77	3.7	2.1	2.5	4.5	3.5	2.1	2.7	1.5	3.9	4.3	3.3	2.4	2.1	2.8	3.6	3.4	2.5	2.5	3.4	2.7	2.1	3.5	2.6	3.7	3.8	2.1	4.1	2.7	3.6	3.1	2.3	1.7	3.3	2.4	3.3	2.4	1.1	4.0	3.0	3.1	4.5	1.2	2.4	3.9	2.7	3.6	3.0	3.3	3.3	3.7	2.2	3.1	4.2	4.0	1.8	3.5	3.0	3.2	4.2	1.8	2.8	3.5	3.3	3.5	2.0	3.9	2.9	2.5	2.9	3.7	4.2	2.3	4.0	3.6	1.5	1.6	2.8	2.9	3.8	2.5	4.0	2.6	3.7	2.6	2.9	1.6	3.0	2.2	3.9	3.3	2.0	4.0	3.9	1.5	4.0	2.3	3.0	3.7	3.4	4.6
78	3.6	4.2	4.3	2.4	3.4	3.6	3.3	2.8	3.6	4.4	4.3	3.7	4.0	2.8	3.1	3.6	1.7	4.0	3.5	3.2	4.1	4.1	2.9	3.9	3.4	4.4	2.8	2.7	3.6	4.1	3.2	4.1	3.8	3.2	2.7	2.3	4.0	3.9	2.2	3.6	3.1	4.2	3.0	2.6	4.2	3.9	3.4	3.3	3.1	3.1	3.8	2.8	2.8	2.5	3.2	4.1	3.8	3.8	2.7	3.9	3.5	3.1	3.9	3.5	3.6	3.3	2.8	1.8	3.5	3.7	2.4	2.2	1.5	1.8	2.6	4.3	2.6	2.6	2.3	3.7	3.4	3.4	3.3	2.8	3.5	1.6	4.1	2.5	3.6	4.2	4.6	2.8	2.9	4.0	2.4	3.3	2.9	2.8	3.2	2.4
79	3.7	3.4	4.3	4.3	3.3	4.0	3.5	1.4	2.9	4.7	4.0	3.2	3.0	2.9	3.6	3.6	1.3	3.7	4.1	3.6	2.3	4.2	2.4	4.1	3.8	1.9	2.9	2.5	3.2	4.1	2.6	3.6	4.1	3.2	3.2	2.7	3.4	3.9	3.2	3.9	3.5	2.9	2.7	3.8	4.1	3.8	3.6	3.2	3.0	4.3	4.1	3.1	4.3	3.9	2.4	3.6	3.7	4.1	4.6	1.6	3.8	3.3	4.1	3.7	3.6	3.7	2.6	3.2	3.7	4.5	3.3	2.2	1.6	1.8	1.5	2.9	4.0	1.2	3.3	4.0	3.5	3.0	3.7	3.0	3.4	1.8	4.4	2.1	2.8	3.4	4.1	3.1	3.4	2.6	3.6	2.6	2.6	2.9	2.1	3.6
